국가,도시,CityId
아프가니스탄,헤라트,1183
아프가니스탄,카불,219
알제리,알제,242
알제리,안나바,1434
알제리,베샤르,1435
알제리,비스크라,1436
알제리,콩스탕틴,1359
알제리,자네트,1437
알제리,델파,1438
알제리,가르다이아,1360
알제리,오랑,1361
알제리,세티프,1439
알제리,타만라세트,1362
알제리,틀렘센,1440
앙골라,루안다,261
앤티가바부다,"세인트 존스, 앤티가",151
아르헨티나,바릴로체,858
아르헨티나,부에노스아이레스,294
아르헨티나,코르도바,855
아르헨티나,엘 칼라파테,2205
아르헨티나,이구아수,857
아르헨티나,마르델 플라타,2206
아르헨티나,멘도사,856
아르헨티나,살타,2207
아르헨티나,트렐레우,2208
아르헨티나,우수아이아,859
아르메니아,딜리잔,2079
아르메니아,제르마크,2080
아르메니아,카판,69
아르메니아,세반,68
아르메니아,바나조르,67
아르메니아,예레반,66
오스트레일리아,애들레이드,315
오스트레일리아,어드벤처 베이,1801
오스트레일리아,올버니,356
오스트레일리아,앨비언공원,1649
오스트레일리아,앨 버리,1802
오스트레일리아,얼브리 / 오동다,317
오스트레일리아,앨리스스프링스,323
오스트레일리아,알양굴라,357
오스트레일리아,아라랏,1650
오스트레일리아,아가일,1256
오스트레일리아,아미데일,358
오스트레일리아,오거스타,359
오스트레일리아,아발론,1651
오스트레일리아,올드 홈 힐,360
오스트레일리아,베언즈데일,361
오스트레일리아,밸러랫,362
오스트레일리아,발리나,1652
오스트레일리아,뱃츠먼스 베이,363
오스트레일리아,배서스트,364
오스트레일리아,비치워쓰,1653
오스트레일리아,베가,365
오스트레일리아,벨레이브,1654
오스트레일리아,벤로 몬드,1803
오스트레일리아,베넬라,1655
오스트레일리아,벤디고,366
오스트레일리아,비체 노,1804
오스트레일리아,본디,1656
오스트레일리아,바롤룰라,368
오스트레일리아,보스웰,1657
오스트레일리아,보크,369
오스트레일리아,보웬,370
오스트레일리아,보우럴,371
오스트레일리아,브리지타운,372
오스트레일리아,브리드포트,1658
오스트레일리아,브리즈번,320
오스트레일리아,브리즈번 공항,2068
오스트레일리아,브리즈번 베이사이드,1192
오스트레일리아,브로컨힐,373
오스트레일리아,브룸,374
오스트레일리아,번버리,375
오스트레일리아,번더버그,376
오스트레일리아,버셀턴,377
오스트레일리아,카브래머라,1159
오스트레일리아,케언스,299
오스트레일리아,캠벨 타운 뉴사우스웨일스,1660
오스트레일리아,캠벨 타운 태즈메이니아,1659
오스트레일리아,캔버라,302
오스트레일리아,캔터베리,1805
오스트레일리아,케이프 바이런,378
오스트레일리아,케이프 오트웨이,1661
오스트레일리아,카나본,379
오스트레일리아,캐스터턴,1662
오스트레일리아,캐슬마인,1663
오스트레일리아,시두나,380
오스트레일리아,세베루스,1664
오스트레일리아,세스 녹,1806
오스트레일리아,샤르빌,381
오스트레일리아,차터스 타워스,382
오스트레일리아,크리스마스 섬,681
오스트레일리아,클레어,383
오스트레일리아,클레르몽,384
오스트레일리아,코바,385
오스트레일리아,코코스섬,683
오스트레일리아,콥스 하버,386
오스트레일리아,콜락,387
오스트레일리아,콜스 베이,1807
오스트레일리아,콜리,388
오스트레일리아,컴비엔바,1665
오스트레일리아,쿠버페디,389
오스트레일리아,쿠마,390
오스트레일리아,쿠나와라,391
오스트레일리아,코령,1666
오스트레일리아,크래들 밸리,1667
오스트레일리아,크랜버른,1668
오스트레일리아,크레시,1669
오스트레일리아,커리,1670
오스트레일리아,백조의 새끼,1808
오스트레일리아,달비,392
오스트레일리아,달월리누,684
오스트레일리아,다트머스 ,1671
오스트레일리아,다윈,322
오스트레일리아,다윈루럴,1086
오스트레일리아,델로레인,1672
오스트레일리아,덴햄,1218
오스트레일리아,데닐리퀸,393
오스트레일리아,더비,367
오스트레일리아,데번포트,394
오스트레일리아,도버,1809
오스트레일리아,더보,395
오스트레일리아,에추카,396
오스트레일리아,엘리자베스,397
오스트레일리아,에메랄드,398
오스트레일리아,에스페란스,399
오스트레일리아,유클라,400
오스트레일리아,에반 데일 (Evandale),1810
오스트레일리아,엑스마우스,401
오스트레일리아,폴리크리크,1673
오스트레일리아,핑갈,1811
오스트레일리아,피츠로이크로싱,1214
오스트레일리아,포스터,1320
오스트레일리아,프랭스 톤,1812
오스트레일리아,가보 섬,1674
오스트레일리아,절롱,402
오스트레일리아,기브스톤,1813
오스트레일리아,조지 타운,1675
오스트레일리아,제럴턴,403
오스트레일리아,글래드스톤,404
오스트레일리아,글렌이네스,1319
오스트레일리아,글레넬그,1676
오스트레일리아,글레노키,1677
오스트레일리아,골드코스트,405
오스트레일리아,군두윈디,406
오스트레일리아,고스퍼드,407
오스트레일리아,골번,408
오스트레일리아,그래프턴,409
오스트레일리아,그리피스,410
오스트레일리아,짐피,411
오스트레일리아,홀스 크리크,412
오스트레일리아,해밀턴,413
오스트레일리아,헤이,1678
오스트레일리아,허비 베이,414
오스트레일리아,헤이우드,1679
오스트레일리아,호바트,316
오스트레일리아,호르섬,415
오스트레일리아,후온빌,1680
오스트레일리아,잉엄,416
오스트레일리아,이니스페일,417
오스트레일리아,인버렐,418
오스트레일리아,입스위치,419
오스트레일리아,아이반호,1318
오스트레일리아,자비루,420
오스트레일리아,진다바인,1681
오스트레일리아,칼바리,421
오스트레일리아,칼굴리,422
오스트레일리아,칼룸부루,1215
오스트레일리아,카라타,423
오스트레일리아,카탄밍,424
오스트레일리아,케서린,425
오스트레일리아,카툼바,426
오스트레일리아,키스,427
오스트레일리아,캠지,428
오스트레일리아,케랑,1682
오스트레일리아,킬모어,1683
오스트레일리아,킨가로이,429
오스트레일리아,킹스코트,430
오스트레일리아,킹스턴,1684
오스트레일리아,쿠누누라,431
오스트레일리아,커넬,515
오스트레일리아,카아브람,1685
오스트레일리아,키얀쿠타,432
오스트레일리아,라자마누,1686
오스트레일리아,에일든호,1687
오스트레일리아,레이크 그레이스,433
오스트레일리아,세인트클레어호,1688
오스트레일리아,엔트런스호수,1689
오스트레일리아,라트 로브,1814
오스트레일리아,라트로브 계곡,434
오스트레일리아,론서스턴,435
오스트레일리아,래버튼,1257
오스트레일리아,래버턴 호주 서부,436
오스트레일리아,리 크릭,437
오스트레일리아,렌스터,438
오스트레일리아,레오노라,1259
오스트레일리아,리아웨니,1815
오스트레일리아,리스모어,439
오스트레일리아,리스고,687
오스트레일리아,리버풀,440
오스트레일리아,롱어에농,1690
오스트레일리아,롱리치,441
오스트레일리아,로드하우 섬,442
오스트레일리아,매카이,443
오스트레일리아,메이틀랜드,445
오스트레일리아,메이틀랜드 세스녹,444
오스트레일리아,말라코오타 ,1691
오스트레일리아,맨두라,446
오스트레일리아,매닝그리다,1692
오스트레일리아,만지멉,447
오스트레일리아,마블바,1251
오스트레일리아,마리바,448
오스트레일리아,마가렛 리버,449
오스트레일리아,마라와,1816
오스트레일리아,메리버러,450
오스트레일리아,메리버러 빅토리아,1694
오스트레일리아,메이데나,1817
오스트레일리아,메카타라,451
오스트레일리아,멜랄레우카,1695
오스트레일리아,멜버른,301
오스트레일리아,메림불라,1317
오스트레일리아,메럴우드,452
오스트레일리아,밀두라,453
오스트레일리아,무라,454
오스트레일리아,무라빈,1696
오스트레일리아,모란바,455
오스트레일리아,모라와,456
오스트레일리아,모리,457
오스트레일리아,모닝턴,1697
오스트레일리아,모닝턴 페닌슐라,458
오스트레일리아,모트레이크,1698
오스트레일리아,마운트 바커,1699
오스트레일리아,보보산,1700
오스트레일리아,불러산,1701
오스트레일리아,단데농산,1702
오스트레일리아,마운트 필드,1818
오스트레일리아,마운트갬비어,1703
오스트레일리아,호섬산,1704
오스트레일리아,마운트 아이자,1705
오스트레일리아,마운트 무어나파,1706
오스트레일리아,노와 노와산,1707
오스트레일리아,마운트 웰링턴,1708
오스트레일리아,모브레이,1709
오스트레일리아,머지,464
오스트레일리아,머리 브리지,465
오스트레일리아,나라쿠르테,466
오스트레일리아,나라브리,1316
오스트레일리아,내로진,467
오스트레일리아,뉴노퍽,1710
오스트레일리아,뉴캐슬,319
오스트레일리아,뉴먼,468
오스트레일리아,느힐,1711
오스트레일리아,눌런부이,469
오스트레일리아,놀룽가,470
오스트레일리아,노퍽 아일랜드,471
오스트레일리아,노먼턴,1712
오스트레일리아,노스만,1252
오스트레일리아,노샘,472
오스트레일리아,나우라,473
오스트레일리아,누리우트파,474
오스트레일리아,오트랜즈,1713
오스트레일리아,온슬로,1216
오스트레일리아,오렌지,475
오스트레일리아,오보스트,476
오스트레일리아,오르포드,1714
오스트레일리아,여러개,1819
오스트레일리아,아우엔,1715
오스트레일리아,파라버두,477
오스트레일리아,파크스,478
오스트레일리아,파라마타,1313
오스트레일리아,펭귄 새,1820
오스트레일리아,펜리스,1160
오스트레일리아,페리셔 밸리,1161
오스트레일리아,퍼스,314
오스트레일리아,필립 아일랜드,1716
오스트레일리아,피란짐피,1717
오스트레일리아,포인트 힉스,1718
오스트레일리아,포트아서,1719
오스트레일리아,포트오거스타,479
오스트레일리아,포트헤들랜드,480
오스트레일리아,포트링컨,481
오스트레일리아,포트맥쿼리,482
오스트레일리아,포트피리,483
오스트레일리아,포틀랜드,1720
오스트레일리아,프로스펙트,1721
오스트레일리아,퀸스타운,1722
오스트레일리아,레븐스쏘프,484
오스트레일리아,레더스데일,1723
오스트레일리아,렌마크,485
오스트레일리아,릴,1724
오스트레일리아,리치몬드 뉴사우스웨일스,1725
오스트레일리아,리치몬드 태즈메이니아,1726
오스트레일리아,로브,1253
오스트레일리아,록햄프턴,487
오스트레일리아,로번,1210
오스트레일리아,로마,488
오스트레일리아,로즈버리,1727
오스트레일리아,로즈,1728
오스트레일리아,록스비 다운,489
오스트레일리아,루터글렌,1729
오스트레일리아,세일,490
오스트레일리아,스쿤,491
오스트레일리아,스코어즈비,1193
오스트레일리아,스콧츠데일,1730
오스트레일리아,시모어,492
오스트레일리아,셰필드,1821
오스트레일리아,쉬오크,1731
오스트레일리아,쉐파폰,493
오스트레일리아,싱글톤,1322
오스트레일리아,스미스턴,1732
오스트레일리아,소렐,1822
오스트레일리아,스프링우드,1315
오스트레일리아,세인트헬렌스,494
오스트레일리아,세인트 메리 스,1823
오스트레일리아,스트라한 타운,495
오스트레일리아,스트라스보기,1733
오스트레일리아,스트래스고든,1824
오스트레일리아,선샤인 코스트,496
오스트레일리아,스완힐,498
오스트레일리아,스완지,497
오스트레일리아,시드니,300
오스트레일리아,탬워스,499
오스트레일리아,타리,500
오스트레일리아,타랄레아,1734
오스트레일리아,타투라,1735
오스트레일리아,티넌트크리크,501
오스트레일리아,테리힐즈,1314
오스트레일리아,코너,1825
오스트레일리아,더 엔트랜스,1736
오스트레일리아,스레드보,1162
오스트레일리아,서스데이 섬,1737
오스트레일리아,티부버라,1738
오스트레일리아,톰 프라이스,1260
오스트레일리아,터움바,502
오스트레일리아,토론토,1739
오스트레일리아,타운즈빌,321
오스트레일리아,투게라농,1312
오스트레일리아,툴라마린,517
오스트레일리아,터낵,1826
오스트레일리아,트위드 헤드,1740
오스트레일리아,울버스톤,1741
오스트레일리아,빅터 하버,503
오스트레일리아,웨이드아이 ,1742
오스트레일리아,와가 와가,504
오스트레일리아,월센드,1743
오스트레일리아,월페업 ,1744
오스트레일리아,왕가라타,505
오스트레일리아,와라,1827
오스트레일리아,워라닉빌,1745
오스트레일리아,워남불,506
오스트레일리아,워릭,507
오스트레일리아,왓소니아,516
오스트레일리아,위으루아나,1746
오스트레일리아,와이트마크,1747
오스트레일리아,화이앨러,508
오스트레일리아,윌선스 프로몬토리,1748
오스트레일리아,윈턴,509
오스트레일리아,울런공,318
오스트레일리아,원타키,510
오스트레일리아,우머라,511
오스트레일리아,우디나,1217
오스트레일리아,윈덤,1212
오스트레일리아,윈야드,1749
오스트레일리아,야라 글렌,512
오스트레일리아,야라웡가,1750
오스트레일리아,야쓰,1751
오스트레일리아,옙푼,513
오스트레일리아,영,1321
오스트레일리아,유엔두무,1752
오스트레일리아,율라라,514
오스트레일리아,지한,1828
오스트리아,인스브루크,905
오스트리아,클라겐푸르트,904
오스트리아,비엔나,17
아제르바이잔,바쿠,18
아제르바이잔,간자,19
아제르바이잔,렌카란,20
바하마,프리포트,1633
바하마,이나구아,1634
바하마,나소,97
바레인,바레인/마나마,220
방글라데시,바리살,1168
방글라데시,치타 공,1164
방글라데시,다카,1163
방글라데시,쿨나,1167
방글라데시,라즈 샤히,1166
방글라데시,실렛,1165
벨라루스,민스크,205
벨기에,브뤼셀,191
벨기에,클라이네 브로겔,945
벨기에,오스텐트,944
벨기에,세인트 허버트,946
벨기에,비르통,947
벨리즈,벨리즈 시티,148
벨리즈,벨모판 시,1087
베냉,보이콩,2209
베냉,코토 누,259
베냉,칸디,2210
베냉,케루,2211
베냉,나티팅구,2212
베냉,우이다,2213
베냉,파라쿠,2214
베냉,폴가,2215
베냉,포르토노보,2216
베냉,사베,2217
부탄,부가 온,2954
부탄,붐탕,1275
부탄,몬가르,1276
부탄,파로,1273
부탄,삼츠,2955
부탄,팀부,2956
부탄,트라시강,2957
부탄,왕디 포드랑,1274
보스니아헤르체고비나,바냐루카,16
보스니아헤르체고비나,모스타르,14
보스니아헤르체고비나,사라예보,13
보스니아헤르체고비나,투즐라,15
보츠와나,프랜치스타운,1543
보츠와나,가보로네,1542
보츠와나,간지,1546
보츠와나,카사네,1545
보츠와나,마운,1544
보츠와나,세레체카마경 공항,1547
브라질,아라카주,1060
브라질,벨렘,1061
브라질,벨루오리존치,1062
브라질,보아비스타,1063
브라질,브라질리아,290
브라질,캄푸그란데,1064
브라질,쿠이아바,1065
브라질,쿠리치바,1066
브라질,플로리아노폴리스,1067
브라질,포르탈레자,1068
브라질,고이아니아,1069
브라질,조앙 페소아,1070
브라질,마카파,1071
브라질,마세이오,1072
브라질,마나우스,1073
브라질,나탈,1074
브라질,팔마스,1075
브라질,포르투알레그레,1076
브라질,포르토벨료,1077
브라질,헤시피,1078
브라질,리오 브랑코,1079
브라질,리우데자네이루,1080
브라질,사우바도르,1081
브라질,상루이스,1082
브라질,상파울루,1083
브라질,테레지나,1084
브라질,비토리아,1085
영국령 카리브해 케이맨제도,케이맨제도,96
브루나이 다루살람,반다르세리베가완,95
불가리아,플로브디프,1422
불가리아,소피아,303
불가리아,바르나,919
부르키나파소,보보디울라소,1526
부르키나파소,보로모,1527
부르키나파소,데두구,1528
부르키나파소,도리,1529
부르키나파소,파다 응고마,1530
부르키나파소,가우아,1531
부르키나파소,와가두구,1532
부르키나파소,우아히구야,1533
부르키나파소,포,1534
부룬디,부줌부라 ,1519
부룬디,지테가,1521
부룬디,무사사,1523
부룬디,무이잉가,1522
부룬디,엔고지,1520
부룬디,나얀자 락,1524
부룬디,르웨구라,1525
카보베르데,살,196
캄보디아,프놈펜 국제공항,348
캄보디아,씨엠립,347
카메룬,바푸삼,3015
카메룬,바멘다,1516
카메룬,베르투아,1518
카메룬,부에아,3016
카메룬,두알라,1513
카메룬,에볼로와,3017
카메룬,가루아,1515
카메룬,크리비,1517
카메룬,마루아,3018
카메룬,은가운데레,1514
카메룬,야운데,257
캐나다,"밴프, 앨버타",623
캐나다,"캘거리, 앨버타",622
캐나다,"샬럿타운, 프린스에드워드 아일랜드 주",639
캐나다,"크랜브룩, 브리티시컬럼비아",618
캐나다,"에드먼턴, 앨버타",621
캐나다,"프레더릭턴, 뉴브런즈윅",636
캐나다,"구스 베이, 뉴펀들랜드",640
캐나다,"그랜드 프레리, 앨버타",625
캐나다,"핼리팩스, 노바스코샤",637
캐나다,"이누빅, 노스웨스트 준주",643
캐나다,"이카루이트, 누나부트",613
캐나다,"캠룹스, 브리티시컬럼비아",617
캐나다,"레스브릿지, 앨버타",627
캐나다,"메디신 햇, 앨버타",626
캐나다,"몬트리올, 퀘벡 ",634
캐나다,"오타와, 온타리오",265
캐나다,"프린스조지, 브리티시컬럼비아",619
캐나다,"프린스 루퍼트, 브리티시컬럼비아",616
캐나다,퀘벡,635
캐나다,"레드디어, 앨버타",624
캐나다,"리자이나, 서스캐처원",629
캐나다,"세인트존, 뉴브룬스윅",641
캐나다,"새스커툰, 서스캐처원",628
캐나다,"세인트존스, 뉴펀들랜드",642
캐나다,"서드베리, 온타리오",632
캐나다,"시드니, 노바스코샤",638
캐나다,"선더베이, 온타리오",631
캐나다,"토론토, 온타리오",264
캐나다,"밴쿠버, 브리티시컬럼비아",266
캐나다,"빅토리아, 브리티시컬럼비아",620
캐나다,"화이트홀스, 유콘준주",614
캐나다,"윈저, 온타리오",633
캐나다,"위니펙, 매니토바",630
캐나다,"옐로나이프, 노스웨스트준주",615
차드,아베 셰,1169
차드,볼,1170
차드,파야-라주,1173
차드,몽고,1174
차드,문두,1171
차드,은자 메나,256
차드,사르,1172
칠레,콘셉시온,2202
칠레,코이하이케,2201
칠레,이키케,102
칠레,라세레나,2203
칠레,푸에르토몬트,104
칠레,푼타아레나스,105
칠레,산티아고,103
칠레,발파라이소,2204
중국,안산,1831
중국,오지,1832
중국,바오 터우,1833
중국,베이징,237
중국,창춘,541
중국,창사,554
중국,청두,547
중국,충칭,349
중국,달리,1834
중국,다롄,560
중국,다칭,1835
중국,다퉁,1836
중국,푸순,1837
중국,푸저우,557
중국,고웅,1838
중국,거 얼무,1839
중국,광저우,241
중국,구이린(계림),561
중국,구이양,548
중국,하이커우,559
중국,항저우,556
중국,하얼빈,540
중국,허페이,553
중국,헝양,1876
중국,후허하오터,562
중국,화 이베이,1840
중국,화이,1841
중국,지린 (길림) (지역),1842
중국,지난,551
중국,경주,1877
중국,주장,1843
중국,쿤밍,238
중국,란저우,546
중국,라사,236
중국,리우,1844
중국,뤄양,1845
중국,난창,555
중국,난징,350
중국,난닝,558
중국,나쿠,1846
중국,닝보,564
중국,판 쯔화,1878
중국,샹,1847
중국,칭다오,542
중국,퀴퀴허,1848
중국,천주 (취안 저우),1849
중국,산야,1850
중국,상하이,240
중국,상추,1851
중국,산 터우,1852
중국,신장 (샤오 구안),1853
중국,선양,352
중국,심천,1854
중국,쉬헤지,1855
중국,스자좡,550
중국,사평,1856
중국,소주,1857
중국,타이베이,354
중국,타이위안,549
중국,타이,1858
중국,당산,1859
중국,톈진,353
중국,톈 수이,1860
중국,우루무치,543
중국,온주,1861
중국,우한,351
중국,무석 (无锡),1862
중국,시안,239
중국,샤먼,563
중국,샹판,1879
중국,함양,1863
중국,시닝,545
중국,쉬 저우 (서주),1864
중국,양쿤,1865
중국,연대,1866
중국,이창,1867
중국,인촨,544
중국,위수,1868
중국,장지 아지에,1880
중국,장자,1869
중국,담강 (잔장),1870
중국,정저우,552
중국,주저 우,1871
중국,쯔보,1872
중국,자공,1873
중국,쭌이,1874
콜롬비아,아파르타도,866
콜롬비아,아라우카,867
콜롬비아,아르메니아,868
콜롬비아,바란카베르메하,869
콜롬비아,바랑키야,160
콜롬비아,보고타,157
콜롬비아,부카라망가,870
콜롬비아,부에나벤투라,1642
콜롬비아,칼리,158
콜롬비아,카르타헤나,161
콜롬비아,쿠쿠타,871
콜롬비아,플로렌시아,872
콜롬비아,가비오따스,1643
콜롬비아,이바게,873
콜롬비아,이피알레스,1644
콜롬비아,레브리하,1645
콜롬비아,레티시아,874
콜롬비아,마니살레스,875
콜롬비아,메델린,159
콜롬비아,미투,1325
콜롬비아,모코아,1327
콜롬비아,몬테리아,876
콜롬비아,네이바,877
콜롬비아,팔미라,1646
콜롬비아,파스토,878
콜롬비아,페레이라 ,879
콜롬비아,포파얀,880
콜롬비아,프로비덴시아,881
콜롬비아,푸에르토카레뇨,882
콜롬비아,푸에르토이니리다,1326
콜롬비아,키브도,883
콜롬비아,리오아차,884
콜롬비아,히우네그루,1647
콜롬비아,산안드레스섬,885
콜롬비아,산호세델과비아르,1648
콜롬비아,산타마르타,886
콜롬비아,신셀레호,1324
콜롬비아,투마코,888
콜롬비아,툰하,887
콜롬비아,바예두파르,889
콜롬비아,비야비센시오,890
콜롬비아,요팔,1323
코모로,모로나이,311
코스타리카,알라후엘라,285
코스타리카,카나스,1126
코스타리카,카르타고,1115
코스타리카,필라델피아,1125
코스타리카,과필,1120
코스타리카,에레디,1114
코스타리카,라이베리아,1124
코스타리카,레이몬,1119
코스타리카,로스 칠레,1121
코스타리카,니코 야,1127
코스타리카,푼타 아레나스,1128
코스타리카,케 포스,1129
코스타리카,산이 시드로,1130
코스타리카,새너제이,1113
코스타리카,식사올라,1117
코스타리카,투리 알바,1116
코스타리카,우팔라,1122
코트디부아르,아비장,2876
코트디부아르,아디 아크,2877
코트디부아르,본 도우 코우,2878
코트디부아르,부아케,2879
코트디부아르,달로아,2880
코트디부아르,오디 엔 뉴,2881
크로아티아,두브로브니크,74
크로아티아,오시예크,71
크로아티아,리예카,72
크로아티아,스플리트,73
크로아티아,자그레브,70
쿠바,카마구에이,708
쿠바,카요 코코,707
쿠바,시엔푸에고스,706
쿠바,하바나,280
쿠바,올긴,709
쿠바,피나르 델 리오,704
쿠바,산티아고 데 쿠바,710
쿠바,베라데로,705
큐라소 앤 신트마틴,쿠라카오,286
큐라소 앤 신트마틴,오라 녜 스타트,1829
키프로스,라르나카 공항,202
키프로스,니코시아,1441
키프로스,파포스 공항,1442
키프로스,파라 림니,1884
키프로스,폴리스 크리소코우스,1885
키프로스,프로드로모스,1886
체코,브르노,693
체코,리베레쯔,2162
체코,오스트라바,920
체코,플젠,2161
체코,프라하,197
덴마크,코펜하겐,190
덴마크,누크,583
덴마크,토르샤븐,582
지부티,지부티,250
도미니카,멜빌 홀 공항,287
도미니카공화국,바라오나,592
도미니카공화국,라 로마나,593
도미니카공화국,몬테크리스티,594
도미니카공화국,푸에르토플라타,595
도미니카공화국,푼타카나,596
도미니카공화국,산후안,597
도미니카공화국,산티아고,598
도미니카공화국,산토도밍고,281
조선민주주의인민공화국,평양,230
에콰도르,쿠엥카,2047
에콰도르,과야킬,2048
에콰도르,키토,291
에콰도르,산 크리스토발 - 갈라파고스,2049
이집트,알렉산드리아,1268
이집트,아스완,1272
이집트,카이로,248
이집트,후르가다,1270
이집트,룩소르,1271
이집트,샤름 엘-셰이크,1269
엘살바도르,아카후틀라,1187
엘살바도르,누에바 콘셉시온,1189
엘살바도르,산미겔,1188
엘살바도르,산살바도르,282
엘살바도르,산타아나,1186
에리트레아,아스 마라,155
에리트레아,아사브,154
에스토니아,파르누,1928
에스토니아,탈린,149
에스토니아,타르투,1927
에스와티니,만치니,913
에스와티니,음바바네 ,912
에티오피아,아디스아바바,162
에티오피아,아쏘사,1918
에티오피아,아와사,163
에티오피아,바히르다르,164
에티오피아,베일 로베,1919
에티오피아,디레다와,165
에티오피아,고데,1920
에티오피아,곤다르,1921
에티오피아,짐마,166
에티오피아,랄리벨라,1922
에티오피아,메크엘,167
피지,난디,94
피지,수바,93
핀란드,헬싱키반타,168
핀란드,쿠오피오,171
핀란드,로바니에미,172
핀란드,탐페레,170
핀란드,투르쿠,169
프랑스,아작시오,1753
프랑스,보르도,1050
프랑스,브레스트,1051
프랑스,클레르몽페랑,1052
프랑스,르 라멘틴,307
프랑스,"르 레이젯, 과들루프",306
프랑스,릴,1053
프랑스,리옹,1054
프랑스,마르세유,1055
프랑스,낭트,1056
프랑스,니스,902
프랑스,파리,194
프랑스,로챔부,305
프랑스,스트라스부르,1057
프랑스,툴루즈,1058
프랑스령폴리네시아,타히티,297
가봉,리브르 빌,255
감비아,반줄,140
조지아,트빌리시,209
독일,베를린,59
독일,브레멘,1342
독일,드레스덴,1343
독일,에르푸르트,1344
독일,에센,1345
독일,프랑크푸르트,57
독일,프라이부르크,1346
독일,함부르크,55
독일,하노버,1347
독일,카셀,1348
독일,킬,1349
독일,쾰른,56
독일,라이프치히,1350
독일,마그데부르크,1351
독일,뮌헨,58
독일,뉘른베르크,1352
독일,오버스트도르프,1353
독일,레겐스부르크,1354
독일,로스토크,1355
독일,자르브뤼켄,1356
독일,슈투트가르트,1357
독일,트리어,1358
가나,아크라,921
가나,아플라오,2966
가나,아킴오다,2967
가나,액심,2968
가나,볼레,2969
가나,볼가탕가,2970
가나,케이프코스트,1380
가나,다몽고,2971
가나,고아소,2972
가나,호,1381
가나,카소아,2973
가나,케테크라치,1383
가나,킨탐포,2974
가나,코포리두아,2975
가나,쿠마시,922
가나,날레리구,2976
가나,나브롱고,1386
가나,오부아시,2977
가나,세퓌 베콰이,2978
가나,수니아니,1382
가나,타코라디,1379
가나,타말리,1384
가나,타르콰,2979
가나,테키만,2980
가나,와,1387
가나,옌디,1385
그리스,악티온 프레베자,2273
그리스,알렉산드루폴리,2274
그리스,앙키알로스 (볼로스),2275
그리스,아테네,177
그리스,아테네 엘리니콘,2276
그리스,키오스,2277
그리스,헤라클리온,2278
그리스,요아니나,2279
그리스,칼라마타,2280
그리스,카스토리아,2281
그리스,케팔로니아,2282
그리스,케르큐라,2283
그리스,라리사,2284
그리스,미틸레네,2285
그리스,로도스,2286
그리스,사모스,2287
그리스,수다(카니아),2288
그리스,타토이(북 아티카),2289
그리스,테살로니키,178
그리스,트리폴리스,2290
과테말라,과테말라 시,906
기니,보케,925
기니,코나 크리,245
기니,파라나,930
기니,캉캉,929
기니,킨디아,924
기니,키시 두구,932
기니,쿤다라,928
기니,라베,927
기니,마센타,933
기니,마모우,926
기니,은제레코레,934
기니,시구이리,931
기니비사우,비사우,346
가이아나,앤나 레지나,1489
가이아나,바르티카,1490
가이아나,에비니,1491
가이아나,조지타운,289
가이아나,카마랑,1492
가이아나,레썸,1493
가이아나,린던,1494
가이아나,마바루마,1495
가이아나,뉴 암스테르담,1496
가이아나,티메리,1497
아이티,포르토프랭스,1500
온두라스,테 구시 갈파,283
홍콩,홍콩,1
헝가리,베케슈처버,3010
헝가리,부다페스트,60
헝가리,데브레첸,63
헝가리,제르,61
헝가리,케치케메트,3011
헝가리,미슈콜츠,62
헝가리,나지카니자,3012
헝가리,니레지하저,3013
헝가리,페치,64
헝가리,세게드,65
헝가리,솜버트헤이,3014
아이슬란드,레이캬비크,189
인도,아가르탈라,1560
인도,아그라 ,1561
인도,아마다바드,522
인도,아이즈왈,1562
인도,아지메르,1563
인도,아콜라,1564
인도,알라하바드,1565
인도,암발라,1638
인도,앰비카퍼,1566
인도,암리차르,1567
인도,아우랑가바드,1568
인도,발라소르,1569
인도,방갈로르,523
인도,바레일리,1570
인도,바로 다,1571
인도,바갈푸르,1573
인도,보팔,524
인도,부바네스와르,525
인도,부지,1574
인도,비카네르 ,1575
인도,찬디가르,526
인도,첸나이,527
인도,코임바토르,1576
인도,쿠치 베하르,1577
인도,데라 둔,1578
인도,다람살라,1579
인도,디브루가르,1580
인도,개데그,1581
인도,강톡,1582
인도,가야,1583
인도,고아,528
인도,고팔퍼,1584
인도,고라크푸르,1585
인도,굴바르가,1586
인도,가우하티,529
인도,괄리오르,1587
인도,히사르,1588
인도,하이데라바드,530
인도,임팔,1589
인도,인도르,1590
인도,자발푸르,1591
인도,자그달푸르,1592
인도,자이푸르,531
인도,자이살메르,1593
인도,잠무,1594
인도,잼셰드푸르,1595
인도,잘수구다,1596
인도,조드푸르,1640
인도,칸푸르,1639
인도,케냐쿠마리,1597
인도,카르날,1598
인도,고치,1599
인도,코다이카날,1600
인도,코히마,1601
인도,콜카타,225
인도,고타,1602
인도,코지코데,1603
인도,러크나우,532
인도,루디아나,1604
인도,마두라이,1605
인도,말다,1606
인도,망갈로르,1607
인도,미니코이,1608
인도,무크텟워,1609
인도,뭄바이,226
인도,마이소르,1610
인도,나그푸르,533
인도,나시크,1611
인도,뉴델리(팔람),1612
인도,뉴델리,224
인도,파르바니,1613
인도,파시그핫,1614
인도,파티알라,1641
인도,파트나,534
인도,포트 블레어,1616
인도,퐁디셰리,1615
인도,푸네,535
인도,라이푸르,1617
인도,라지코트,1618
인도,란치,1619
인도,살렘,1631
인도,실롱,1621
인도,심라,1622
인도,실차르,1620
인도,솔라푸르,1623
인도,스리나가르,536
인도,스리니케탄 ,1624
인도,수라트,1625
인도,뜨리웬드럼,537
인도,티루치라팔리,1626
인도,유다이푸르,1627
인도,바라나시,1628
인도,벨로르,1632
인도,비자야와다,1629
인도,비샤카파트남,1630
인도네시아,암본,655
인도네시아,발릭파판,2234
인도네시아,반다아체,2235
인도네시아,반다르람풍,2236
인도네시아,반둥,2237
인도네시아,반자르마신,2238
인도네시아,바탐,2239
인도네시아,븡쿨루,2240
인도네시아,비아크,652
인도네시아,비퉁,2241
인도네시아,덴파사르,649
인도네시아,고론탈로,2242
인도네시아,자카르타,310
인도네시아,잠비,2243
인도네시아,자야푸라,2244
인도네시아,Kab. Aceh Barat,3032
인도네시아,Kab. Aceh Barat Daya,3033
인도네시아,Kab. Aceh Besar,3034
인도네시아,Kab. Aceh Jaya,3035
인도네시아,Kab. Aceh Selatan,3036
인도네시아,Kab. Aceh Singkil,3037
인도네시아,Kab. Aceh Tamiang,3038
인도네시아,Kab. Aceh Tengah,3039
인도네시아,Kab. Aceh Tenggara,3040
인도네시아,Kab. Aceh Timur,3041
인도네시아,Kab. Aceh Utara,3042
인도네시아,Kab. Agam,3043
인도네시아,Kab. Alor,3044
인도네시아,Kab. Anambas,3045
인도네시아,Kab. Asahan,3046
인도네시아,Kab. Asmat,3047
인도네시아,Kab. Badung,3048
인도네시아,Kab. Balangan,3049
인도네시아,Kab. Bandung,3050
인도네시아,Kab. Bandung Barat,3051
인도네시아,Kab. Banggai,3052
인도네시아,Kab. Banggai Kepulauan,3053
인도네시아,Kab. Banggai Laut,3054
인도네시아,Kab. Bangka,3055
인도네시아,Kab. Bangka Barat,3056
인도네시아,Kab. Bangka Selatan,3057
인도네시아,Kab. Bangka Tengah,3058
인도네시아,Kab. Bangkalan,3059
인도네시아,Kab. Bangli,3060
인도네시아,Kab. Banjar,3061
인도네시아,Kab. Banjarnegara,3062
인도네시아,Kab. Bantaeng,3063
인도네시아,Kab. Bantul,3064
인도네시아,Kab. Banyuasin,3065
인도네시아,Kab. Banyumas,3066
인도네시아,Kab. Banyuwangi,3067
인도네시아,Kab. Barito Kuala,3068
인도네시아,Kab. Barito Selatan,3069
인도네시아,Kab. Barito Timur,3070
인도네시아,Kab. Barito Utara,3071
인도네시아,Kab. Barru,3072
인도네시아,Kab. Batang,3073
인도네시아,Kab. Batanghari,3074
인도네시아,Kab. Batubara,3075
인도네시아,Kab. Bekasi,3076
인도네시아,Kab. Belitung,3077
인도네시아,Kab. Belitung Timur,3078
인도네시아,Kab. Belu,3079
인도네시아,Kab. Bener Meriah,3080
인도네시아,Kab. Bengkalis,3081
인도네시아,Kab. Bengkayang,3082
인도네시아,Kab. Bengkulu Selatan,3083
인도네시아,Kab. Bengkulu Tengah,3084
인도네시아,Kab. Bengkulu Utara,3085
인도네시아,Kab. Berau,3086
인도네시아,Kab. Biak Numfor,3087
인도네시아,Kab. Bima,3088
인도네시아,Kab. Bintan,3089
인도네시아,Kab. Bireuen,3090
인도네시아,Kab. Blitar,3091
인도네시아,Kab. Blora,3092
인도네시아,Kab. Boalemo,3093
인도네시아,Kab. Bogor,3094
인도네시아,Kab. Bojonegoro,3095
인도네시아,Kab. Bolaang Mongondow,3096
인도네시아,Kab. Bolaang Mongondow Selatan,3097
인도네시아,Kab. Bolaang Mongondow Timur,3098
인도네시아,Kab. Bolaang Mongondow Utara,3099
인도네시아,Kab. Bombana,3100
인도네시아,Kab. Bondowoso,3101
인도네시아,Kab. Bone,3102
인도네시아,Kab. Bone Bolango,3103
인도네시아,Kab. Boven Digoel - Tanah Merah,3104
인도네시아,Kab. Boyolali,3105
인도네시아,Kab. Brebes,3106
인도네시아,Kab. Buleleng,3107
인도네시아,Kab. Bulukumba,3108
인도네시아,Kab. Bulungan,3109
인도네시아,Kab. Bungo,3110
인도네시아,Kab. Buol,3111
인도네시아,Kab. Buru,3112
인도네시아,Kab. Buru Selatan,3113
인도네시아,Kab. Buton,3114
인도네시아,Kab. Buton Selatan,3115
인도네시아,Kab. Buton Tengah,3116
인도네시아,Kab. Buton Utara,3117
인도네시아,Kab. Ciamis,3118
인도네시아,Kab. Cianjur,3119
인도네시아,Kab. Cilacap,3120
인도네시아,Kab. Cirebon,3121
인도네시아,Kab. Dairi,3122
인도네시아,Kab. Deiyai,3123
인도네시아,Kab. Deli Serdang,3124
인도네시아,Kab. Demak,3125
인도네시아,Kab. Dharmasraya,3126
인도네시아,Kab. Dogiyai,3127
인도네시아,Kab. Dompu,3128
인도네시아,Kab. Donggala,3129
인도네시아,Kab. Empat Lawang,3130
인도네시아,Kab. Ende,3131
인도네시아,Kab. Enrekang,3132
인도네시아,Kab. Fakfak,3133
인도네시아,Kab. Flores Timur,3134
인도네시아,Kab. Garut,3135
인도네시아,Kab. Gayo Lues,3136
인도네시아,Kab. Gianyar,3137
인도네시아,Kab. Gorontalo,3138
인도네시아,Kab. Gorontalo Utara,3139
인도네시아,Kab. Gowa,3140
인도네시아,Kab. Gresik,3141
인도네시아,Kab. Grobogan,3142
인도네시아,Kab. Gunung Kidul,3143
인도네시아,Kab. Gunung Mas,3144
인도네시아,Kab. Halmahera Barat,3145
인도네시아,Kab. Halmahera Selatan,3146
인도네시아,Kab. Halmahera Tengah,3147
인도네시아,Kab. Halmahera Timur,3148
인도네시아,Kab. Halmahera Utara,3149
인도네시아,Kab. Hulu Sungai Selatan,3150
인도네시아,Kab. Hulu Sungai Tengah,3151
인도네시아,Kab. Hulu Sungai Utara,3152
인도네시아,Kab. Humbang Hasundutan,3153
인도네시아,Kab. Indragiri Hilir,3154
인도네시아,Kab. Indragiri Hulu,3155
인도네시아,Kab. Indramayu,3156
인도네시아,Kab. Intan Jaya,3157
인도네시아,Kab. Jayapura,3158
인도네시아,Kab. Jayawijaya,3159
인도네시아,Kab. Jember,3160
인도네시아,Kab. Jembrana,3161
인도네시아,Kab. Jeneponto,3162
인도네시아,Kab. Jepara,3163
인도네시아,Kab. Jombang,3164
인도네시아,Kab. Kaimana,3165
인도네시아,Kab. Kampar,3166
인도네시아,Kab. Kapuas,3167
인도네시아,Kab. Kapuas Hulu,3168
인도네시아,Kab. Karanganyar,3169
인도네시아,Kab. Karangasem,3170
인도네시아,Kab. Karawang,3171
인도네시아,Kab. Karimun,3172
인도네시아,Kab. Karo,3173
인도네시아,Kab. Katingan,3174
인도네시아,Kab. Kaur,3175
인도네시아,Kab. Kayong Utara,3176
인도네시아,Kab. Kebumen,3177
인도네시아,Kab. Kediri,3178
인도네시아,Kab. Keerom,3179
인도네시아,Kab. Kendal,3180
인도네시아,Kab. Kepahiang,3181
인도네시아,Kab. Kepulauan Aru,3182
인도네시아,Kab. Kepulauan Mentawai,3183
인도네시아,Kab. Kepulauan Meranti,3184
인도네시아,Kab. Kepulauan Selayar,3185
인도네시아,Kab. Kepulauan Seribu,3186
인도네시아,Kab. Kepulauan Sula,3187
인도네시아,Kab. Kepulauan Tanimbar,3249
인도네시아,Kab. Kepulauan Yapen,3188
인도네시아,Kab. Kerinci,3189
인도네시아,Kab. Ketapang,3190
인도네시아,Kab. Klaten,3191
인도네시아,Kab. Klungkung,3192
인도네시아,Kab. Kolaka,3193
인도네시아,Kab. Kolaka Timur,3194
인도네시아,Kab. Kolaka Utara,3195
인도네시아,Kab. Konawe,3196
인도네시아,Kab. Konawe Kepulauan,3197
인도네시아,Kab. Konawe Selatan,3198
인도네시아,Kab. Konawe Utara,3199
인도네시아,Kab. Kotabaru,3200
인도네시아,Kab. Kotawaringin Barat,3201
인도네시아,Kab. Kotawaringin Timur,3202
인도네시아,Kab. Kuantan Singingi,3203
인도네시아,Kab. Kubu Raya,3204
인도네시아,Kab. Kudus,3205
인도네시아,Kab. Kulon Progo,3206
인도네시아,Kab. Kuningan,3207
인도네시아,Kab. Kupang,3208
인도네시아,Kab. Kutai Barat,3209
인도네시아,Kab. Kutai Kartanegara,3210
인도네시아,Kab. Kutai Timur,3211
인도네시아,Kab. Labuhanbatu,3212
인도네시아,Kab. Labuhanbatu Selatan,3213
인도네시아,Kab. Labuhanbatu Utara,3214
인도네시아,Kab. Lahat,3215
인도네시아,Kab. Lamandau,3216
인도네시아,Kab. Lamongan,3217
인도네시아,Kab. Lampung Barat,3218
인도네시아,Kab. Lampung Selatan,3219
인도네시아,Kab. Lampung Tengah,3220
인도네시아,Kab. Lampung Timur,3221
인도네시아,Kab. Lampung Utara,3222
인도네시아,Kab. Langkat,3223
인도네시아,Kab. Lanny Jaya,3224
인도네시아,Kab. Lebak,3225
인도네시아,Kab. Lebong,3226
인도네시아,Kab. Lembata,3227
인도네시아,Kab. Limapuluh Kota,3228
인도네시아,Kab. Lingga,3229
인도네시아,Kab. Lombok Barat,3230
인도네시아,Kab. Lombok Tengah,3231
인도네시아,Kab. Lombok Timur,3232
인도네시아,Kab. Lombok Utara,3233
인도네시아,Kab. Lumajang,3234
인도네시아,Kab. Luwu,3235
인도네시아,Kab. Luwu Timur,3236
인도네시아,Kab. Luwu Utara,3237
인도네시아,Kab. Madiun,3238
인도네시아,Kab. Magelang,3239
인도네시아,Kab. Magetan,3240
인도네시아,Kab. Mahakam Ulu,3241
인도네시아,Kab. Majalengka,3242
인도네시아,Kab. Majene,3243
인도네시아,Kab. Malaka,3244
인도네시아,Kab. Malang,3245
인도네시아,Kab. Malinau,3246
인도네시아,Kab. Maluku Barat Daya,3247
인도네시아,Kab. Maluku Tengah,3248
인도네시아,Kab. Maluku Tenggara,3502
인도네시아,Kab. Mamasa,3250
인도네시아,Kab. Mamberamo Raya,3251
인도네시아,Kab. Mamberamo Tengah,3252
인도네시아,Kab. Mamuju Tengah,3253
인도네시아,Kab. Mamuju Utara,3254
인도네시아,Kab. Mandailing Natal,3255
인도네시아,Kab. Manggarai,3256
인도네시아,Kab. Manggarai Barat,3257
인도네시아,Kab. Manggarai Timur,3258
인도네시아,Kab. Manokwari,3259
인도네시아,Kab. Manokwari Selatan,3260
인도네시아,Kab. Mappi,3261
인도네시아,Kab. Maros,3262
인도네시아,Kab. Maybrat,3263
인도네시아,Kab. Melawi,3264
인도네시아,Kab. Merangin,3265
인도네시아,Kab. Merauke,3266
인도네시아,Kab. Mesuji,3267
인도네시아,Kab. Mimika,3268
인도네시아,Kab. Minahasa,3269
인도네시아,Kab. Minahasa Selatan,3270
인도네시아,Kab. Minahasa Tenggara,3271
인도네시아,Kab. Minahasa Utara,3272
인도네시아,Kab. Mojokerto,3273
인도네시아,Kab. Morowali,3274
인도네시아,Kab. Morowali Utara,3275
인도네시아,Kab. Muaraenim,3276
인도네시아,Kab. Muaro Jambi,3277
인도네시아,Kab. Muko Muko,3278
인도네시아,Kab. Muna,3279
인도네시아,Kab. Muna Barat,3280
인도네시아,Kab. Murung Raya,3281
인도네시아,Kab. Musi Banyuasin,3282
인도네시아,Kab. Musi Rawas,3283
인도네시아,Kab. Musi Rawas Utara,3284
인도네시아,Kab. Nabire,3285
인도네시아,Kab. Nagan Raya,3286
인도네시아,Kab. Nagekeo,3287
인도네시아,Kab. Natuna,3288
인도네시아,Kab. Ndunga,3289
인도네시아,Kab. Ngabang,3290
인도네시아,Kab. Ngada,3291
인도네시아,Kab. Nganjuk,3292
인도네시아,Kab. Ngawi,3293
인도네시아,Kab. Nias,3294
인도네시아,Kab. Nias Barat,3295
인도네시아,Kab. Nias Selatan,3296
인도네시아,Kab. Nias Utara,3297
인도네시아,Kab. Nunukan,3298
인도네시아,Kab. Ogan Ilir,3299
인도네시아,Kab. Ogan Komering Ilir,3300
인도네시아,Kab. Ogan Komering Ulu,3301
인도네시아,Kab. Ogan Komering Ulu Selatan,3302
인도네시아,Kab. Ogan Komering Ulu Timur,3303
인도네시아,Kab. Pacitan,3304
인도네시아,Kab. Padang Pariaman,3305
인도네시아,Kab. Padanglawas,3306
인도네시아,Kab. Padanglawas Utara,3307
인도네시아,Kab. Pahuwato,3308
인도네시아,Kab. Pak-Pak Bharat,3309
인도네시아,Kab. Pamekasan,3310
인도네시아,Kab. Pandeglang,3311
인도네시아,Kab. Pangandaran,3312
인도네시아,Kab. Pangkajene dan Kepulauan,3313
인도네시아,Kab. Paniai,3314
인도네시아,Kab. Parigi Moutong,3315
인도네시아,Kab. Pasaman,3316
인도네시아,Kab. Pasaman Barat,3317
인도네시아,Kab. Paser,3318
인도네시아,Kab. Pasuruan,3319
인도네시아,Kab. Pati,3320
인도네시아,Kab. Pegunungan Arfak,3321
인도네시아,Kab. Pegunungan Bintang,3322
인도네시아,Kab. Pekalongan,3323
인도네시아,Kab. Pelalawan,3324
인도네시아,Kab. Pemalang,3325
인도네시아,Kab. Penajam Paser Utara,3326
인도네시아,Kab. Penukal Abab Lematang Ilir,3327
인도네시아,Kab. Pesawaran,3328
인도네시아,Kab. Pesisir Barat,3329
인도네시아,Kab. Pesisir Selatan,3330
인도네시아,Kab. Pidie,3331
인도네시아,Kab. Pidie Jaya,3332
인도네시아,Kab. Pinrang,3333
인도네시아,Kab. Polewali Mandar,3334
인도네시아,Kab. Ponorogo,3335
인도네시아,Kab. Pontianak,3336
인도네시아,Kab. Poso,3337
인도네시아,Kab. Pringsewu,3338
인도네시아,Kab. Probolinggo,3339
인도네시아,Kab. Pulang Pisau,3340
인도네시아,Kab. Pulau Morotai,3341
인도네시아,Kab. Pulau Taliabu,3342
인도네시아,Kab. Puncak,3343
인도네시아,Kab. Puncak Jaya,3344
인도네시아,Kab. Purbalingga,3345
인도네시아,Kab. Purwakarta,3346
인도네시아,Kab. Purworejo,3347
인도네시아,Kab. Raja Ampat,3348
인도네시아,Kab. Rejang Lebong,3349
인도네시아,Kab. Rembang,3350
인도네시아,Kab. Rokan Hilir,3351
인도네시아,Kab. Rokan Hulu,3352
인도네시아,Kab. Rote Ndao,3353
인도네시아,Kab. Sabu Raijua,3501
인도네시아,Kab. Sambas,3354
인도네시아,Kab. Samosir,3355
인도네시아,Kab. Sampang,3356
인도네시아,Kab. Sanggau,3357
인도네시아,Kab. Sangihe,3358
인도네시아,Kab. Sarmi,3359
인도네시아,Kab. Sarolangun,3360
인도네시아,Kab. Sekadau,3361
인도네시아,Kab. Seluma,3362
인도네시아,Kab. Semarang,3363
인도네시아,Kab. Seram Bagian Barat,3364
인도네시아,Kab. Seram Bagian Timur,3365
인도네시아,Kab. Serang,3366
인도네시아,Kab. Serdang Bedagai,3367
인도네시아,Kab. Seruyan,3368
인도네시아,Kab. Siak,3369
인도네시아,Kab. Sidenreng Rappang,3370
인도네시아,Kab. Sidoarjo,3371
인도네시아,Kab. Sigi Biromaru,3372
인도네시아,Kab. Sijunjung,3373
인도네시아,Kab. Sikka,3374
인도네시아,Kab. Simalungun,3375
인도네시아,Kab. Simeulue,3376
인도네시아,Kab. Sinjai,3377
인도네시아,Kab. Sintang,3378
인도네시아,Kab. Sitaro,3379
인도네시아,Kab. Situbondo,3380
인도네시아,Kab. Sleman,3381
인도네시아,Kab. Solok,3382
인도네시아,Kab. Solok Selatan,3383
인도네시아,Kab. Soppeng,3384
인도네시아,Kab. Sorong,3385
인도네시아,Kab. Sorong Selatan,3386
인도네시아,Kab. Sragen,3387
인도네시아,Kab. Subang,3388
인도네시아,Kab. Sukabumi,3389
인도네시아,Kab. Sukamara,3390
인도네시아,Kab. Sukoharjo,3391
인도네시아,Kab. Sumba Barat,3392
인도네시아,Kab. Sumba Barat Daya,3393
인도네시아,Kab. Sumba Tengah,3394
인도네시아,Kab. Sumba Timur,3395
인도네시아,Kab. Sumbawa,3396
인도네시아,Kab. Sumbawa Barat,3397
인도네시아,Kab. Sumedang,3398
인도네시아,Kab. Sumenep,3399
인도네시아,Kab. Supiori,3400
인도네시아,Kab. Tabalong,3401
인도네시아,Kab. Tabanan,3402
인도네시아,Kab. Takalar,3403
인도네시아,Kab. Talaud,3404
인도네시아,Kab. Tambrauw,3405
인도네시아,Kab. Tana Tidung,3406
인도네시아,Kab. Tana Toraja,3407
인도네시아,Kab. Tanah Bumbu,3408
인도네시아,Kab. Tanah Datar,3409
인도네시아,Kab. Tanah Laut,3410
인도네시아,Kab. Tangerang,3411
인도네시아,Kab. Tanggamus,3412
인도네시아,Kab. Tanjung Jabung Barat,3413
인도네시아,Kab. Tanjung Jabung Timur,3414
인도네시아,Kab. Tapanuli Selatan,3415
인도네시아,Kab. Tapanuli Tengah,3416
인도네시아,Kab. Tapanuli Utara,3417
인도네시아,Kab. Tapin,3418
인도네시아,Kab. Tasikmalaya,3419
인도네시아,Kab. Tebo,3420
인도네시아,Kab. Tegal,3421
인도네시아,Kab. Teluk Bintuni,3422
인도네시아,Kab. Teluk Wondama,3423
인도네시아,Kab. Temanggung,3424
인도네시아,Kab. Timor Tengah Selatan,3503
인도네시아,Kab. Timor Tengah Utara,3425
인도네시아,Kab. Toba Samosir,3426
인도네시아,Kab. Tojo Una-Una,3427
인도네시아,Kab. Toli-Toli,3429
인도네시아,Kab. Tolikara,3428
인도네시아,Kab. Toraja Utara,3430
인도네시아,Kab. Trenggalek,3431
인도네시아,Kab. Tuban,3432
인도네시아,Kab. Tulang Bawang,3433
인도네시아,Kab. Tulang Bawang Barat,3434
인도네시아,Kab. Tulungagung,3435
인도네시아,Kab. Wajo,3436
인도네시아,Kab. Wakatobi,3437
인도네시아,Kab. Waropen,3438
인도네시아,Kab. Way Kanan,3439
인도네시아,Kab. Wonogiri,3440
인도네시아,Kab. Wonosobo,3441
인도네시아,Kab. Yalimo,3442
인도네시아,큰다리,2245
인도네시아,코모도,2246
인도네시아,Kota Banjar,3443
인도네시아,Kota Banjarbaru,3444
인도네시아,Kota Batu,3445
인도네시아,Kota Bau - Bau,3446
인도네시아,Kota Bekasi,3447
인도네시아,Kota Bima,3448
인도네시아,Kota Binjai,3449
인도네시아,Kota Blitar,3450
인도네시아,보고르,2247
인도네시아,Kota Bontang,3451
인도네시아,Kota Bukittinggi,3452
인도네시아,Kota Cilegon,3453
인도네시아,Kota Cimahi,3454
인도네시아,Kota Cirebon,3455
인도네시아,Kota Depok,3456
인도네시아,Kota Dumai,3457
인도네시아,Kota Gunung Sitoli,3458
인도네시아,Kota Jakarta Barat,3459
인도네시아,Kota Jakarta Selatan,3460
인도네시아,Kota Jakarta Timur,3461
인도네시아,Kota Jakarta Utara,3462
인도네시아,Kota Kediri,3463
인도네시아,Kota Kotamobagu,3464
인도네시아,Kota Langsa,3465
인도네시아,Kota Lhokseumawe,3466
인도네시아,Kota Lubuk Linggau,3467
인도네시아,Kota Madiun,3468
인도네시아,말랑,2248
인도네시아,Kota Metro,3469
인도네시아,Kota Mojokerto,3470
인도네시아,Kota Padang Sidempuan,3471
인도네시아,Kota Padangpanjang,3472
인도네시아,Kota Pagar Alam,3473
인도네시아,Kota Palopo,3474
인도네시아,Kota Pare Pare,3475
인도네시아,Kota Pariaman,3476
인도네시아,Kota Pasuruan,3477
인도네시아,Kota Payakumbuh,3478
인도네시아,Kota Pekalongan,3479
인도네시아,Kota Pematang Siantar,3480
인도네시아,Kota Prabumulih,3481
인도네시아,Kota Probolinggo,3482
인도네시아,Kota Sabang,3483
인도네시아,Kota Salatiga,3484
인도네시아,Kota Sawahlunto,3485
인도네시아,Kota Sibolga,3486
인도네시아,Kota Singkawang,3487
인도네시아,Kota Solok,3488
인도네시아,Kota Subulussalam,3489
인도네시아,Kota Sukabumi,3490
인도네시아,Kota Sungai Penuh,3491
인도네시아,Kota Tangerang Selatan,3492
인도네시아,Kota Tanjung Balai,3493
인도네시아,Kota Tasikmalaya,3494
인도네시아,Kota Tebing Tinggi,3495
인도네시아,Kota Tegal,3496
인도네시아,Kota Tidore Kepulauan,3497
인도네시아,Kota Tomohon,3498
인도네시아,Kota Tual,3500
인도네시아,쿠팡,2249
인도네시아,쿠타,2250
인도네시아,롬복,654
인도네시아,마겔랑,2251
인도네시아,마카사르,2252
인도네시아,마무주,2253
인도네시아,마나도,651
인도네시아,마타람,2254
인도네시아,메단,647
인도네시아,파당,2255
인도네시아,팔랑카라야,2256
인도네시아,팔렘방,2257
인도네시아,팔루,2258
인도네시아,팡칼피낭,2259
인도네시아,페칸바루,2260
인도네시아,폰티아낙,653
인도네시아,사마린다,2261
인도네시아,스마랑,2262
인도네시아,세랑,2263
인도네시아,소롱,2264
인도네시아,수라바야,648
인도네시아,수라카르타,2265
인도네시아,탕에랑,2266
인도네시아,탄중피낭,2267
인도네시아,탄중슬로르,2268
인도네시아,타라칸,2269
인도네시아,트르나테,2270
인도네시아,티미카,2271
인도네시아,우중판당,650
인도네시아,Yahukimo,3499
인도네시아,욕야카르타,2272
이란 (이슬람공화국),아와즈,939
이란 (이슬람공화국),아라크,1443
이란 (이슬람공화국),아르다빌,1444
이란 (이슬람공화국),반다르 아바스,943
이란 (이슬람공화국),비르잔드,1445
이란 (이슬람공화국),보누르드,1446
이란 (이슬람공화국),부시르,940
이란 (이슬람공화국),이스파한,935
이란 (이슬람공화국),가즈빈,1447
이란 (이슬람공화국),고옴,1448
이란 (이슬람공화국),고르간,1449
이란 (이슬람공화국),하마단,1450
이란 (이슬람공화국),일람,1451
이란 (이슬람공화국),케르만,941
이란 (이슬람공화국),케르만샤,1452
이란 (이슬람공화국),코라마바드,1453
이란 (이슬람공화국),마슈하드,938
이란 (이슬람공화국),우루미에,1454
이란 (이슬람공화국),라슈트,1455
이란 (이슬람공화국),사난다즈,1456
이란 (이슬람공화국),사리,1457
이란 (이슬람공화국),스마난,1458
이란 (이슬람공화국),세어코드,1459
이란 (이슬람공화국),쉬라즈,936
이란 (이슬람공화국),타브리즈,937
이란 (이슬람공화국),테헤란,218
이란 (이슬람공화국),야소우,1460
이란 (이슬람공화국),야즈드,1461
이란 (이슬람공화국),자헤단,942
이란 (이슬람공화국),잔잔,1462
이라크,아마라,1463
이라크,바그다드,1464
이라크,카르발라,1465
이라크,키르쿠크,1466
이라크,모술,1467
이라크,나시리아,1468
아일랜드,벨물렛,330
아일랜드,코크,328
아일랜드,더니골,949
아일랜드,더블린,188
아일랜드,골웨이,948
아일랜드,케리,1914
아일랜드,킬 케니,332
아일랜드,마린 헤드,331
아일랜드,마요네즈,1915
아일랜드,펄리,1916
아일랜드,새넌 공항,329
아일랜드,웩스퍼드,1917
이스라엘,아풀라,1929
이스라엘,브엘셰바,1930
이스라엘,에일라트,46
이스라엘,하이파,1931
이스라엘,예루살렘,43
이스라엘,로드,1932
이스라엘,미즈페 라몬,1933
이스라엘,나사렛,1934
이스라엘,텔 아비브,44
이스라엘,티베리아스,45
이스라엘,제파트,1935
이탈리아,아그리젠토,2069
이탈리아,알게로,2070
이탈리아,안코나,1942
이탈리아,아오스타,1943
이탈리아,바리,600
이탈리아,볼로냐,1944
이탈리아,볼차노,1945
이탈리아,칼리아리,601
이탈리아,캄포바소,1946
이탈리아,카타니아,2071
이탈리아,크로토네,1947
이탈리아,플로렌스,602
이탈리아,제노바,1948
이탈리아,엘바 섬,2072
이탈리아,레체,2073
이탈리아,밀라노,603
이탈리아,나폴리,604
이탈리아,팔레르모,605
이탈리아,페루자,1949
이탈리아,페스카라,1950
이탈리아,피아 젠자,2074
이탈리아,피사,2075
이탈리아,포텐자,1951
이탈리아,레지오 칼라브리아,2076
이탈리아,로마,201
이탈리아,토리노,1952
이탈리아,우디네,1953
이탈리아,베니스,606
이탈리아,베로나,2077
이탈리아,비에스테,2078
자메이카,킹스턴,98
자메이카,몬테고베이,99
일본,후쿠오카,185
일본,나고야,355
일본,나하,186
일본,오사카,184
일본,삿포로,181
일본,센다이,182
일본,도쿄,183
요르단,암만,215
요르단,아카바,591
요르단,이르빗,590
카자흐스탄,알마티,152
카자흐스탄,아스타나,153
케냐,엘도레트,854
케냐,엠부,1794
케냐,가리사,1795
케냐,카카메가,2946
케냐,케리초,2945
케냐,키시,2944
케냐,키수무,903
케냐,키테일,2948
케냐,라무,1796
케냐,로드워,519
케냐,마차코스,2951
케냐,마킨두,1797
케냐,말린디,1798
케냐,마르사비트,1799
케냐,메루,2950
케냐,몸바사,520
케냐,모얄레,2952
케냐,나이로비,251
케냐,나쿠루,518
케냐,나록,2947
케냐,니에리,2949
케냐,보이,1800
케냐,와 지르,2953
쿠웨이트,쿠웨이트 공항,217
쿠웨이트,쿠웨이트 시,1498
키르기스스탄,비슈케크,210
키르기스스탄,오시,2172
라오스인민민주공화국,루왕 남타,1501
라오스인민민주공화국,루앙프라방,644
라오스인민민주공화국,파크세,646
라오스인민민주공화국,사바나케트,645
라오스인민민주공화국,비엔티안,235
라오스인민민주공화국,시엥쿠앙,1502
라트비아,다우가프필스,173
라트비아,리에파야,174
라트비아,리가,175
라트비아,벤츠필스,176
레바논,베이루트,214
레소토,부타부테,1337
레소토,레리베,1338
레소토,마페텡 ,1331
레소토,메야메탈라,1330
레소토,모할레스후크,1332
레소토,모코틀롱,1335
레소토,모슈슈 I,3511
레소토,옥스보,1336
레소토,카차스네크,1334
레소토,쿠팅,1333
레소토,세몬콩,1341
레소토,테야테야넨,1339
레소토,싸바 쎄카,1340
리비아,벵가지,1182
리비아,가다메스,1194
리비아,가트,1180
리비아,세브하,1195
리비아,시르테,1181
리비아,트리폴리,1179
리투아니아,카우나스,607
리투아니아,클라이페다,608
리투아니아,파네베지스,1549
리투아니아,샤울레이,1548
리투아니아,빌뉴스,204
룩셈부르크,룩셈부르크시,192
마카오,마카오,156
마다가스카르,암보히치라오카자나,2995
마다가스카르,안탈라하,2996
마다가스카르,안타나나리보,7
마다가스카르,안치라베,2997
마다가스카르,안트시라나나,9
마다가스카르,안트소히히,2998
마다가스카르,베살람피,2999
마다가스카르,파라팡가나,3000
마다가스카르,피아나란초아,12
마다가스카르,마하장가,11
마다가스카르,마하노로,3001
마다가스카르,마인티라노,3002
마다가스카르,마난자리,3003
마다가스카르,모론다바,3009
마다가스카르,노지베섬,3004
마다가스카르,라노히라,3005
마다가스카르,셍뜨마히,3006
마다가스카르,삼바바,3007
마다가스카르,톨라나로,3008
마다가스카르,토아마시나,8
마다가스카르,톨리아라,10
말라위,음주주,262
말레이시아,알로르세타르,75
말레이시아,카메론하일랜즈,76
말레이시아,이포,77
말레이시아,조호르바루,78
말레이시아,코타바루,79
말레이시아,코타키나발루,81
말레이시아,쿠알라룸푸르,82
말레이시아,콴탄,83
말레이시아,쿠칭,80
말레이시아,라부안,84
말레이시아,랑카위,85
말레이시아,멜라카,86
말레이시아,미리,87
말레이시아,페탈링자야,88
말레이시아,풀라우피낭,89
말레이시아,산다칸,91
말레이시아,시부,90
몰디브,간-아두아톨,589
몰디브,하니 마두 후,2882
몰디브,말레,228
말리,바마코,129
말리,가오,135
말리,케이즈,130
말리,키달,136
말리,몹티,133
말리,세구,132
말리,시카소,131
말리,통북투,134
몰타,"루카, 몰타",42
모리셔스,피아첸차,247
모리셔스,포트루이스,1219
모리셔스,바쿠아,1220
멕시코,아카풀코,1207
멕시코,아과스칼리엔테스,1277
멕시코,칸쿤,1209
멕시코,치와와,1279
멕시코,멕시코 시 연방정부,279
멕시코,시우다드 화레스,1278
멕시코,코주멜,1280
멕시코,쿠에르나바카,1281
멕시코,쿨리아칸,1282
멕시코,과달라하라,1206
멕시코,에르모시요,1283
멕시코,와뚤꼬,1284
멕시코,이스따빠 지와타네호,1285
멕시코,할라파주,1286
멕시코,레온,1287
멕시코,로스까보스,1204
멕시코,만사니요,1288
멕시코,마사틀란,1289
멕시코,메리다,1290
멕시코,메히칼리,1291
멕시코,몬테레이,1208
멕시코,모렐리아,1292
멕시코,푸에블라,1293
멕시코,푸에르토바야르타,1205
멕시코,케레타로,1294
멕시코,레이노사,1295
멕시코,살티요,1296
멕시코,산루이스포토시,1297
멕시코,탐피코,1298
멕시코,티후아나,1299
멕시코,톨루카,1300
멕시코,토레온,1301
멕시코,베라크루스,1302
멕시코,비야에르모사,1303
몰도바공화국,발티,1423
몰도바공화국,카훌,1424
몰도바공화국,키시나우,208
몰도바공화국,티라스폴,1425
몽골,아르바이헤르,1143
몽골,바가누르구,1132
몽골,바운우르트,1153
몽골,바얀홍고르,1139
몽골,불간,1145
몽골,처이발상,1152
몽골,처이르,1150
몽골,달란자드가드,1155
몽골,다르항,1148
몽골,에르데넷,1149
몽골,고비 알타이,1138
몽골,칸벅드,1156
몽골,카라코룸,1144
몽골,하트갈,1141
몽골,호브드,1137
몽골,만달고비,1154
몽골,무룬,1140
몽골,사인샨드,1157
몽골,수흐바타르,1146
몽골,터싱칭겔,1136
몽골,체체를렉,1142
몽골,울란바토르,229
몽골,울란곰,1134
몽골,울기,1133
몽골,울리아스타이,1135
몽골,은드르항,1151
몽골,자민우드,1158
몽골,준모드,1147
몬테네그로,포드고리차,1378
모로코,아가디르 이네즈간,3512
모로코,카사 블랑카,179
모로코,에라시디아,3514
모로코,페즈,3515
모로코,마라케시,180
모로코,와르자자트,3517
모로코,우지다,3518
모로코,라바트-살레,3519
모로코,탕헤르,3521
모잠비크,베이라,124
모잠비크,시모이우,125
모잠비크,이냠바느,126
모잠비크,리싱가,119
모잠비크,마푸토,128
모잠비크,남풀라,121
모잠비크,펨바,120
모잠비크,켈리마네,122
모잠비크,테테,123
모잠비크,Vilanculos,923
모잠비크,샤이샤이,127
미얀마,코코 아일랜드,2138
미얀마,다웨이,2139
미얀마,캄티,2140
미얀마,호말린,2141
미얀마,파안,2142
미얀마,칼라이와,2143
미얀마,카타,2144
미얀마,켕퉁,2145
미얀마,라시오,2146
미얀마,만달레이,588
미얀마,메이크틸라,2147
미얀마,민닷,2148
미얀마,모니와,2149
미얀마,미치나,2150
미얀마,네피도,2151
미얀마,파테인,2152
미얀마,푸타오,2153
미얀마,피이 (프롬),2154
미얀마,사가잉,2155
미얀마,시트웨,2156
미얀마,타웅지,2158
미얀마,타웅구,2157
미얀마,탄트웨,2159
미얀마,양곤,232
미얀마,예이,2160
나미비아,빈트후크,1830
네팔,바이라흐아,2959
네팔,비라트나가르,2960
네팔,바렌드라네이갈,2101
네팔,다델두라,3508
네팔,당가디,2961
네팔,단쿠다,2102
네팔,디야팔,2103
네팔,고라히,2962
네팔,자낙푸르,2963
네팔,좀솜,3509
네팔,주믈라,2964
네팔,카트만두,114
네팔,오칼둥가,2965
네팔,포카라,2104
네팔,타플중,3510
네덜란드,암스테르담,143
네덜란드,데 빌트,144
네덜란드,덴헬데르,141
네덜란드,흐로닝언,142
네덜란드,마스트리흐트,147
네덜란드,트웬더,145
네덜란드,블리싱겐,146
뉴칼레도니아,벨렙,1473
뉴칼레도니아,부라이,1474
뉴칼레도니아,셰네 노드,1475
뉴칼레도니아,셰네 수드,1476
뉴칼레도니아,일 데팡,1477
뉴칼레도니아,코네,1478
뉴칼레도니아,쿠막,1479
뉴칼레도니아,리푸,1480
뉴칼레도니아,마레,1481
뉴칼레도니아,누메아,296
뉴칼레도니아,우에고우아,1482
뉴칼레도니아,우베아,1483
뉴칼레도니아,아메데 등대,1484
뉴칼레도니아,뽀엥디미에,1485
뉴칼레도니아,티오,1486
뉴칼레도니아,예이트,1487
뉴질랜드,알렉산드라,2105
뉴질랜드,애슈버턴,2106
뉴질랜드,오클랜드,538
뉴질랜드,블레넘,2107
뉴질랜드,크라이스트처치,539
뉴질랜드,데니버크,2108
뉴질랜드,다가빌,2109
뉴질랜드,더니든,1550
뉴질랜드,기스번,2110
뉴질랜드,고어,2111
뉴질랜드,그레이마우스,2112
뉴질랜드,해밀턴,1551
뉴질랜드,헤이스팅스,2113
뉴질랜드,호키티카,1552
뉴질랜드,인버카길,2114
뉴질랜드,카이코우라,2115
뉴질랜드,카이타이아,1553
뉴질랜드,르빈,2116
뉴질랜드,매스터턴,2117
뉴질랜드,밀퍼드 사운드,2118
뉴질랜드,모투에카,2119
뉴질랜드,마운트 쿡,2120
뉴질랜드,네이피어,1554
뉴질랜드,넬슨,1555
뉴질랜드,뉴플리머스,1556
뉴질랜드,오아마루,2121
뉴질랜드,파이히아,2122
뉴질랜드,파머스턴노스,1557
뉴질랜드,파라파라우무,2123
뉴질랜드,퀸스타운,1558
뉴질랜드,리프턴,2124
뉴질랜드,로터루아,1559
뉴질랜드,타우마루누이,2125
뉴질랜드,타우포,2126
뉴질랜드,타우랑가,2127
뉴질랜드,테 쿠이티,2128
뉴질랜드,템스,2129
뉴질랜드,티마루,2130
뉴질랜드,토코로아,2131
뉴질랜드,와나카,2132
뉴질랜드,웰링턴,298
뉴질랜드,웨스트 포트,2133
뉴질랜드,화카타네,2134
뉴질랜드,황가누이,2135
뉴질랜드,황아레이,2136
뉴질랜드,휘티앙가,2137
니카라과,치난데가,284
니제르,니아 메,327
나이지리아,아부자,324
나이지리아,베냉,3504
나이지리아,에누구,3505
나이지리아,일로린,3506
나이지리아,카노,2050
나이지리아,라고스,258
나이지리아,마이두구리,3507
나이지리아,포트하커트,325
나이지리아,소코토,2051
나이지리아,욜라,2052
북마케도니아,오흐리드,1499
북마케도니아,스코페,199
노르웨이,베르겐,22
노르웨이,크리스티안산,908
노르웨이,오슬로,21
노르웨이,트롬소,23
노르웨이,트론헤임,907
오만,아담,1393
오만,바흐라,1394
오만,부라이미,1395
오만,디바,1396
오만,두쿰 공항,1397
오만,두쿰 포트,2958
오만,파후드,1398
오만,하이마,1399
오만,할라니얏,1400
오만,이브라,1401
오만,이브리,1402
오만,자발 카마르,1403
오만,자발 삼한,1404
오만,카사브,1405
오만,마다,1406
오만,마루물,1407
오만,마시라,1408
오만,므호우트,1409
오만,무드헤비,1411
오만,무스카트,112
오만,니즈와,1412
오만,카부스 항구,1635
오만,콰이룬,1413
오만,칼하트,1636
오만,컨 알람,1637
오만,레이슈트,1414
오만,루스타크,1415
오만,사이크,1416
오만,살랄라,113
오만,살랄라 포트,1410
오만,사마일,1417
오만,소하르,1418
오만,수르,1419
오만,수위크,1420
오만,섬레이트,1421
파키스탄,파이살라바드,898
파키스탄,길기트,897
파키스탄,하이데라바드,896
파키스탄,이슬라마바드,223
파키스탄,카라치,892
파키스탄,라호르,891
파키스탄,물탄,899
파키스탄,머리,900
파키스탄,무자파라바드,901
파키스탄,나와브샤,895
파키스탄,페샤와르,893
파키스탄,쿠에타,894
파나마,앤턴,1244
파나마,보카스델토로,1245
파나마,다비드,1241
파나마,로스산토스,1243
파나마,파나마시티,1221
파나마,산티아고,1242
파푸아뉴기니,다뤼,1426
파푸아뉴기니,고로카,1427
파푸아뉴기니,캐비엥,1428
파푸아뉴기니,레이시티,1429
파푸아뉴기니,마당,1430
파푸아뉴기니,포트모레스비,1246
파푸아뉴기니,라바울,1431
파푸아뉴기니,바니모,1432
파푸아뉴기니,웨와크,1433
파라과이,아순시온,292
파라과이,시우다드델에스테,1175
파라과이,엥카르나시온,1177
파라과이,마리스칼 호세 펠릭스 에스티가리비아,1178
파라과이,페드로후안카바예로,1176
페루,아레키파,109
페루,카하마르카,107
페루,쿠스코,110
페루,이키토스,111
페루,줄리아카,1376
페루,리마,108
페루,피우라,106
페루,뿌깔빠,1375
페루,타크나,702
페루,뜨루히요,701
필리핀,바기오,1088
필리핀,"보라카이섬, 말레이인",1488
필리핀,카바나투안,1095
필리핀,카가얀데오로,1092
필리핀,칼라판,1097
필리핀,캇발로간,1101
필리핀,디폴로그,1106
필리핀,두마게테,1100
필리핀,제너럴산토스,1105
필리핀,일로일로/바콜로드,1098
필리핀,키다파완,1249
필리핀,라오아그,1093
필리핀,레가스피,1096
필리핀,메트로 세부,1090
필리핀,메트로 다바오,1091
필리핀,메트로마닐라,92
필리핀,푸에르토프린세사,1250
필리핀,로하스,1099
필리핀,수리가오,1104
필리핀,타클로반,1102
필리핀,타가이타이,1089
필리핀,타그빌라란,1103
필리핀,투구에가라오,1094
폴란드,비아위스톡,2163
폴란드,그단스크,25
폴란드,크워츠코,2164
폴란드,코샬린,2165
폴란드,크라쿠프,27
폴란드,우츠,2166
폴란드,루블린,2167
폴란드,올슈틴,2168
폴란드,포즈나뉴,26
폴란드,제슈프,2169
폴란드,슈바우키,585
폴란드,슈체친,584
폴란드,토룬,2170
폴란드,바르샤바,24
폴란드,브로츨라프,586
폴란드,지엘로나 구라,2171
포르투갈,앙그라 드 에로이스모,2218
포르투갈,아베이루,2219
포르투갈,베자,2220
포르투갈,브라가,2221
포르투갈,브라간사,2222
포르투갈,카스텔루브랑쿠,2223
포르투갈,코임브라,2224
포르투갈,파로,4
포르투갈,푼샬,5
포르투갈,과르다,2225
포르투갈,레이리아,2227
포르투갈,리스본,2
포르투갈,폰타델가다,6
포르투갈,포르탈레그르,2228
포르투갈,포르토,3
포르투갈,산타크루스다 플로르스,2226
포르투갈,산타렝,2229
포르투갈,세투발,2230
포르투갈,비아나두카스텔루,2231
포르투갈,빌라헤알,2232
포르투갈,비제우,2233
카타르,알 루 와이스,1882
카타르,도하,221
카타르,두칸,1881
카타르,움사이드,1883
대한민국,부산,336
대한민국,대전,334
대한민국,강릉,333
대한민국,광주,335
대한민국,제주,337
대한민국,서울,231
루마니아,아라드,2089
루마니아,보토샤니,2090
루마니아,부쿠레슈티,200
루마니아,클루지나포카,2091
루마니아,콘스탄차,2092
루마니아,크라요바,2093
루마니아,이아시,2094
루마니아,름니쿠 블체아,2095
루마니아,시비우,2096
루마니아,술리나,2097
러시아연방,아바칸,1108
러시아연방,아긴스코에,1014
러시아연방,아나디리,975
러시아연방,아르항겔스크,914
러시아연방,아스트라한,1026
러시아연방,조프,1023
러시아연방,바르나울,1009
러시아연방,벨고로트,1021
러시아연방,비로비잔,1047
러시아연방,블라고베셴스크,1015
러시아연방,브랸스크,979
러시아연방,체보크사리,989
러시아연방,첼랴빈스크,1003
러시아연방,체르케스크,1111
러시아연방,치타,1012
러시아연방,두딘카,969
러시아연방,에카테린부르크,916
러시아연방,옐리스타,1025
러시아연방,고르노알타이스크,1112
러시아연방,그로즈니,1037
러시아연방,하바로스크,663
러시아연방,하카스카자,1010
러시아연방,한티만시스크,973
러시아연방,이르쿠츠크,662
러시아연방,이바노보,983
러시아연방,이제프스크,1002
러시아연방,야쿠츠크,917
러시아연방,야로슬라브,982
러시아연방,요시카르올라,985
러시아연방,유즈노 사할린스크,1017
러시아연방,칼리닌그라드,977
러시아연방,칼루가,990
러시아연방,카잔,986
러시아연방,케메로보,1008
러시아연방,키로프,981
러시아연방,코스트로마,658
러시아연방,크라스노다르,1027
러시아연방,크라스노야르스크,661
러시아연방,쿠딤카르,999
러시아연방,쿠르간,1004
러시아연방,쿠르스크,1019
러시아연방,키질 ,1031
러시아연방,리페츠크,996
러시아연방,마가단,918
러시아연방,마하치칼라,1038
러시아연방,마이코프,1032
러시아연방,모스크바,206
러시아연방,무르만스크,967
러시아연방,날치크,1034
러시아연방,나리얀마르,970
러시아연방,나즈란,1109
러시아연방,네빈 노미 스크,1033
러시아연방,니즈니노브고로드,988
러시아연방,노브고로드,657
러시아연방,노보시비르스크,1007
러시아연방,옴스크,660
러시아연방,오르조니케제브스카자,1036
러시아연방,오렐,995
러시아연방,오렌부르크,1029
러시아연방,팔라나,1046
러시아연방,펜자,998
러시아연방,페름,1000
러시아연방,페트로파블로프스크 캄카,665
러시아연방,페트로자포츠크,968
러시아연방,프스코프,976
러시아연방,라쟌,992
러시아연방,로스토프나도누,1024
러시아연방,살레하르트,971
러시아연방,사마라,1005
러시아연방,사란스크,993
러시아연방,사라토프,915
러시아연방,스몰렌스크 ,978
러시아연방,상트페테르부르크,203
러시아연방,스타브로폴,1028
러시아연방,수르구트,1039
러시아연방,식팁카르,972
러시아연방,탐보프,997
러시아연방,틱시,1040
러시아연방,트주멘,1001
러시아연방,톰스크,1006
러시아연방,툴라,991
러시아연방,투라,974
러시아연방,투로카,1030
러시아연방,트베리,984
러시아연방,우파,659
러시아연방,울란우데,1013
러시아연방,울리야노프스크,994
러시아연방,우스티오르딘스키,1011
러시아연방,블라디카프카즈,1110
러시아연방,블라디미르,987
러시아연방,블라디보스토크,664
러시아연방,볼고그라드,1022
러시아연방,볼로그다,980
러시아연방,브르노,1020
르완다,기쿰비,1506
르완다,휴에,1512
르완다,카롱기,1509
르완다,키갈리 ,254
르완다,무산제,1507
르완다,응고마,1505
르완다,니 가타 레,2883
르완다,냐마가베,1511
르완다,루바부,1510
르완다,루시지,1508
세인트루시아,캐스트리스,1222
세인트루시아,비외포르,1248
사모아,아피아,1230
사우디아라비아,아브하,861
사우디아라비아,알바하,862
사우디아라비아,라르,1887
사우디아라비아,부레이다,1888
사우디아라비아,다맘,860
사우디아라비아,하일,863
사우디아라비아,제다,699
사우디아라비아,지잔,698
사우디아라비아,마디나,695
사우디아라비아,메카,700
사우디아라비아,나지란,1889
사우디아라비아,리야드,216
사우디아라비아,사카카,1890
사우디아라비아,사루라,1891
사우디아라비아,타브크,697
사우디아라비아,타이프,864
사우디아라비아,얀부,1892
세네갈,바클,2915
세네갈,모자 스 컬링,2916
세네갈,다카르,244
세네갈,블레즈-디아뉴 국제공항,2933
세네갈,디엘 벨,2917
세네갈,패틱,2918
세네갈,카플린,2919
세네갈,꺄올락끄,2920
세네갈,케두구 주,2921
세네갈,몰다,2922
세네갈,링거 레,2923
세네갈,루가,2924
세네갈,마탐,2925
세네갈,음부르,2926
세네갈,Podor,2927
세네갈,생 루이,2928
세네갈,세 이요,2929
세네갈,탐바 콩다,2930
세네갈,티에스 주,2931
세네갈,지룽 초르,2932
세르비아공화국,베오그라드,198
세르비아공화국,크라구예바크,1388
세르비아공화국,니시,1389
세르비아공화국,노비사드,1390
세르비아공화국,프리시티나,1391
세르비아공화국,즐라티보르,1392
세이셀,빅토리아,253
시에라리온,프리 타운,246
싱가포르,싱가포르,234
슬로바키아,브라티슬라바,41
슬로바키아,허바노보,1224
슬로바키아,코시체,1228
슬로바키아,루세네츠,1226
슬로바키아,포프라트,1227
슬로바키아,슬리악,1225
슬로바키아,티시네츠,1229
슬로바키아,질리나,1223
슬로베니아,류블랴나,54
슬로베니아,마리보르,1923
슬로베니아,노보메스토,1924
슬로베니아,포르토로즈,1925
슬로베니아,Ratece,1926
솔로몬제도,오키,295
소말리아,보사소,2098
소말리아,하르게이사,2099
소말리아,모가디슈,2100
남아프리카공화국,블럼폰탄,2984
남아프리카공화국,케이프타운,138
남아프리카공화국,더반,137
남아프리카공화국,요하네스버그,139
남아프리카공화국,레이디스미스,2985
남아프리카공화국,마피켕,2986
남아프리카공화국,움타타,2987
남아프리카공화국,넬스프룻,2988
남아프리카공화국,피터즈버그,2989
남아프리카공화국,포트엘리자베스,2990
남아프리카공화국,프레토리아,2991
남아프리카공화국,러스텐버그,2992
남아프리카공화국,어핑턴,2993
남아프리카공화국,윗뱅크,2994
남 수단,주바,1541
남 수단,말라칼,1540
스페인,라 코루냐,1231
스페인,알바세테,1755
스페인,알칼라데에나레스,2174
스페인,알리 칸테,1754
스페인,알 메리아,1756
스페인,Andújar,2884
스페인,아란다데두에로,2175
스페인,아란후에스,2885
스페인,아레시페,2176
스페인,아빌라,1757
스페인,아빌레스,2886
스페인,아야몬테,2177
스페인,바다 호스,1758
스페인,바르셀로나,1232
스페인,Benavente,2887
스페인,베니도름,2888
스페인,빌바오,1233
스페인,부르고스,1759
스페인,카세레스,1760
스페인,카디스,1761
스페인,칼라타유드,2889
스페인,Capdepera,2890
스페인,Caravaca de la Cruz,2891
스페인,카르타헤나,2178
스페인,카스 테욘 데 라 플라나,1762
스페인,카 졸라,2892
스페인,세우타,1763
스페인,시우다드 레알,1764
스페인,시우다드 로드리고,2893
스페인,시우타데야 메노르카,2179
스페인,코르도바,1765
스페인,쿠 엥카,1766
스페인,세바스티안 / 산 세바스티안,1767
스페인,에시하,2180
스페인,이비사,2181
스페인,엘체,2182
스페인,에스테포나,2894
스페인,피게레스,2183
스페인,히혼,2184
스페인,지로 나,1768
스페인,그라나다,1769
스페인,과달라하라,1770
스페인,아로,2895
스페인,우엘바,1771
스페인,우에스카,1772
스페인,하카,2185
스페인,하엔,1773
스페인,자베아/사비아,2896
스페인,헤레스데라프론테라,2186
스페인,라세우두르젤,2897
스페인,라스팔마스 데 그란 카나리아,1234
스페인,레온,1774
스페인,Llanes,2898
스페인,레이다,1775
스페인,료렛 드 마르,2899
스페인,로그로뇨,1776
스페인,루고,1777
스페인,마드리드,195
스페인,말라가,1235
스페인,만레사,2900
스페인,마혼,2901
스페인,마르베야,2187
스페인,멜리야,1778
스페인,메리다,2188
스페인,모트릴,2189
스페인,무르시아,1779
스페인,오렌,1780
스페인,오비에도,1781
스페인,팔렌시아,1782
스페인,팔마데마요르카,1236
스페인,팜플로나,1783
스페인,플라센시아,2190
스페인,폰페라다,2191
스페인,폰테베드라,1784
스페인,푸에르토 데 라 크루즈,2902
스페인,푸에르토델로사리오,2192
스페인,Reinosa,2903
스페인,레우스,2193
스페인,Roquetas de Mar,2904
스페인,살라망카,1785
스페인,Salou,2905
스페인,산 세바스티안 데 라 고메라,2194
스페인,산타그루스 데 라 팔마,2195
스페인,산타크루스데 테네리페,304
스페인,산탄데르,1786
스페인,산티아고 데 콤포스텔라,2196
스페인,세고비아,1787
스페인,세비야,1237
스페인,Sigüenza,2906
스페인,시체스,2197
스페인,소리아,1788
스페인,탈라베라 데 라 레이나,2198
스페인,타란 콘,2907
스페인,타리파,2908
스페인,타라고나,1789
스페인,테루엘,1790
스페인,톨레도,1791
스페인,토레몰리노스,2909
스페인,트루 히요,2910
스페인,투 델라,2911
스페인,발데 페나 스,2912
스페인,발렌시아,1238
스페인,바야돌리드,1239
스페인,발베르데,2199
스페인,비고,2200
스페인,비나로스,2913
스페인,빅토리아,1792
스페인,Xàtiva,2914
스페인,사모라,1793
스페인,사라고사,1240
스리랑카,아누라다푸라,338
스리랑카,바티칼로아,339
스리랑카,콜롬보,227
스리랑카,갈,340
스리랑카,자프나,341
스리랑카,캔디,342
스리랑카,마나르,1059
스리랑카,누와라엘리야,343
스리랑카,라트나푸라,344
스리랑카,트링코말리,345
수단,동골라,1536
수단,엘오베이드,1538
수단,캇살라,1537
수단,카르툼,249
수단,니알라,1539
수단,포트수단,1535
수리남,알비나,2081
수리남,즈무,2082
수리남,콰말라세모토,2083
수리남,렐리도르프,2084
수리남,니우 니케리,2085
수리남,시팔리비니,2088
수리남,스토엘만세일랜드,2087
스웨덴,볼렝에,3019
스웨덴,예테보리,1042
스웨덴,키루나,1045
스웨덴,룰레오,3020
스웨덴,말뫼,1041
스웨덴,노르최핑,1043
스웨덴,외스테르순드,3021
스웨덴,스톡홀름,187
스웨덴,순스발,1044
스웨덴,우메아,3022
스위스,제네바,193
스위스,루가노,313
스위스,취리히,312
시리아아랍공화국,알레포,1261
시리아아랍공화국,다마스쿠스,213
시리아아랍공화국,다라아,1266
시리아아랍공화국,데이르 엣,1262
시리아아랍공화국,홈스,1267
시리아아랍공화국,라타키아,1263
시리아아랍공화국,팔미라,1264
시리아아랍공화국,까미쉴리,1265
타지키스탄,두샨베,211
타지키스탄,호로그,911
타지키스탄,후잔트,910
타지키스탄,쿠르간 튜브,909
탄자니아합중국,다르에스살람,252
탄자니아합중국,도도마,667
탄자니아합중국,무트와라,668
탄자니아합중국,므완자,669
탄자니아합중국,타보라,670
탄자니아합중국,탕가,671
탄자니아합중국,잔지바르,672
타이,방콕,233
타이,치앙마이,567
타이,치앙라이,566
타이,후아힌,576
타이,깐짜나부리,574
타이,콘캔,571
타이,코사무이,577
타이,매홍손,565
타이,나콘랏차시마,573
타이,파타야,575
타이,펫차분,569
타이,푸켓,579
타이,송클라,578
타이,수코타이,570
타이,딱,568
타이,우본랏차타니,572
토고,로메,260
트리니다드토바고,포트오브스페인,100
트리니다드토바고,스카버러,101
튀니지,튀니스 카르타고,243
튀르키예,아다나,50
튀르키예,앙카라,48
튀르키예,안탈리아,51
튀르키예,디야르바키르,1363
튀르키예,에디르네,1364
튀르키예,에르주룸,53
튀르키예,이스탄불,47
튀르키예,이즈미르,49
튀르키예,코니아,1365
튀르키예,물라,1366
튀르키예,네브세히르,1367
튀르키예,삼순,52
튀르키예,샤늘르우르파,1368
튀르키예,트라브존,1369
튀르키예,반,1370
튀르키예,종굴다크,1371
투르크메니스탄,아시가 바트,212
우간다,아루아,1936
우간다,엔테베,1329
우간다,굴루,1937
우간다,카발레,1938
우간다,캄팔라,1328
우간다,카세세,1503
우간다,마신디,1939
우간다,음바라라,1940
우간다,소로티,1504
우간다,토로로,1941
우크라이나,드네프로페트로프스크,2934
우크라이나,도네츠크,2939
우크라이나,카리프,2936
우크라이나,헤르 손,2940
우크라이나,키예프,207
우크라이나,루한시크,2941
우크라이나,리비우,2935
우크라이나,오데사,2937
우크라이나,심페로폴,2938
우크라이나,우즈호로드,2942
우크라이나,빈니차,2943
아랍에미리트연합,아부다비,222
아랍에미리트연합,두바이,1190
아랍에미리트연합,라스 알 카이마,1191
그레이트브리튼 북아일랜드연합왕국,애버딘,1893
그레이트브리튼 북아일랜드연합왕국,애버리 스트 위스,1894
그레이트브리튼 북아일랜드연합왕국,아마,1895
그레이트브리튼 북아일랜드연합왕국,발라,1896
그레이트브리튼 북아일랜드연합왕국,뱅거,1897
그레이트브리튼 북아일랜드연합왕국,벨파스트,38
그레이트브리튼 북아일랜드연합왕국,버밍엄,28
그레이트브리튼 북아일랜드연합왕국,브리스 틀,1898
그레이트브리튼 북아일랜드연합왕국,케임브리지,1899
그레이트브리튼 북아일랜드연합왕국,카디프,36
그레이트브리튼 북아일랜드연합왕국,칼라일,1900
그레이트브리튼 북아일랜드연합왕국,에든버러,33
그레이트브리튼 북아일랜드연합왕국,에니 스킬 런,1901
그레이트브리튼 북아일랜드연합왕국,엑서터,34
그레이트브리튼 북아일랜드연합왕국,글래스고,1902
그레이트브리튼 북아일랜드연합왕국,건지,1373
그레이트브리튼 북아일랜드연합왕국,해밀턴,1377
그레이트브리튼 북아일랜드연합왕국,인버네스,1903
그레이트브리튼 북아일랜드연합왕국,맨섬,1374
그레이트브리튼 북아일랜드연합왕국,저지,1372
그레이트브리튼 북아일랜드연합왕국,리즈,39
그레이트브리튼 북아일랜드연합왕국,리버풀,1904
그레이트브리튼 북아일랜드연합왕국,런던,32
그레이트브리튼 북아일랜드연합왕국,런던 데리 (데리),1905
그레이트브리튼 북아일랜드연합왕국,맨체스터,31
그레이트브리튼 북아일랜드연합왕국,뉴캐슬,29
그레이트브리튼 북아일랜드연합왕국,노리치,40
그레이트브리튼 북아일랜드연합왕국,플리머스,1906
그레이트브리튼 북아일랜드연합왕국,독서,1907
그레이트브리튼 북아일랜드연합왕국,애버리 스트 위스,1908
그레이트브리튼 북아일랜드연합왕국,사우샘프턴,1909
그레이트브리튼 북아일랜드연합왕국,스완지,1910
그레이트브리튼 북아일랜드연합왕국,트루로,1911
그레이트브리튼 북아일랜드연합왕국,울라 풀,1912
그레이트브리튼 북아일랜드연합왕국,윅,1913
미합중국,애빌린 텍사스 주,703
미합중국,"아가냐, 괌",1954
미합중국,"애크런, 오하이오",711
미합중국,"올버니, 뉴욕",712
미합중국,"앨버커키, 뉴멕시코",713
미합중국,"앨런타운, 펜실베이니아",714
미합중국,"애머릴로, 텍사스",715
미합중국,"앵커리지, 알래스카",716
미합중국,"앤아버, 미시간",1955
미합중국,"아나폴리스, 메릴랜드",1956
미합중국,"애쉬빌, 노스캐롤라이나",717
미합중국,"아테네, 조지아",1957
미합중국,"애틀랜타, 조지아",268
미합중국,"애틀랜틱시티, 뉴저지",718
미합중국,"오거스타, 조지아",1958
미합중국,"오거스타, 메인",1959
미합중국,"오로라, 일리노이",1960
미합중국,"오스틴, 텍사스",719
미합중국,"볼티모어, 메릴랜드",720
미합중국,"뱅거, 메인",1961
미합중국,"배턴루지, 루이지애나",721
미합중국,"빌링스, 몬태나",722
미합중국,"버밍햄, 앨라배마",723
미합중국,"비즈마크, 노스다코타",724
미합중국,"보이시, 아이다호",725
미합중국,"보스턴, 매사추세츠",273
미합중국,"볼링 그린, 켄터키",1962
미합중국,"보즈먼, 몬태나",1963
미합중국,"브리지포트, 코네티컷",726
미합중국,"브루킹스, 사우스 다코타",1964
미합중국,"브라운즈빌, 텍사스",727
미합중국,"버펄로, 뉴욕",728
미합중국,"벌링턴, 버몬트",729
미합중국,"뷰트, 몬태나",1965
미합중국,"카리부, 메인",730
미합중국,"카멜, 인디애나",1966
미합중국,"카슨 시티, 네바다",1967
미합중국,"캐스퍼, 와이오밍",731
미합중국,"시더 래피즈, 아이오와",1968
미합중국,"챈들러, 애리조나",1969
미합중국,"찰스턴, 사우스캐롤라이나",732
미합중국,"찰스턴, 웨스트버지니아",733
미합중국,"샬럿, 노스캘롤라이나",734
미합중국,"채터누가, 테네시",735
미합중국,"샤이엔, 와이오밍",736
미합중국,"시카고, 일리노이",274
미합중국,"신시내티, 오하이오",737
미합중국,"클락스빌, 테네시",1970
미합중국,"클리브랜드, 미시시피",1971
미합중국,"클리블랜드, 오하이오",738
미합중국,"콜체스터, 버몬트",1972
미합중국,"콜로라도스프링스, 콜로라도",739
미합중국,"컬럼비아, 미주리",1973
미합중국,"컬럼비아, 사우스캐롤라이나",740
미합중국,"콜럼버스, 조지아",741
미합중국,"콜럼버스, 오하이오",742
미합중국,"콩코드, 뉴햄프셔",743
미합중국,"코퍼스크리스티, 텍사스",744
미합중국,"댈러스, 텍사스",745
미합중국,"대븐포트, 아이오와",1974
미합중국,"데이턴, 오하이오",746
미합중국,"데이터나 비치, 플로리다",747
미합중국,"덴버, 콜로라도",271
미합중국,"디모인, 아이오와",748
미합중국,"디트로이트, 미시간",275
미합중국,"도버, 델라웨어",1975
미합중국,"덜루스, 미네소타",749
미합중국,"엘패소, 텍사스",750
미합중국,"엘킨스, 웨스트버지니아",751
미합중국,"에리, 펜실베이니아",752
미합중국,"유진, 오리건",753
미합중국,"에번즈빌, 인디애나",754
미합중국,"페이뱅크스, 알래스카",755
미합중국,"파고, 노스다코타",756
미합중국,"페이엣빌, 아칸소",1976
미합중국,"플라그스타프, 애리조나",757
미합중국,"플린트, 미시간",758
미합중국,"포트 콜린스, 콜로라도",1977
미합중국,"포르 스미스, 아칸소",759
미합중국,"포트웨인, 인디애나",760
미합중국,"프랭크퍼트, 켄터키",1978
미합중국,"프레즈노, 캘리포니아",761
미합중국,"질레트, 와이오밍",1979
미합중국,"굿랜드, 캔자스",762
미합중국,"그랜드 포크, 노스 다코타",1980
미합중국,"그랜드 아일랜드, 네브래스카",1981
미합중국,"그랑 융티온, 콜로라도",763
미합중국,"그랜드래피즈, 미시간",764
미합중국,"그렛 팔스, 몬테나",765
미합중국,"그린베이, 위스콘신",766
미합중국,"그린즈버러, 노스캘롤라이나",767
미합중국,"그린빌, 사우스 캐롤라이나",1982
미합중국,"걸프포트, 미시시피",1983
미합중국,"해리즈버그, 펜실베니아",768
미합중국,"해티즈버그, 미시시피",1984
미합중국,"헬레나, 몬테나",769
미합중국,"힐로, 하와이",1985
미합중국,"호놀룰루, 하와이",849
미합중국,"휴스턴, 텍사스",770
미합중국,"헌팅턴, 웨스트 버지니아",1986
미합중국,"헌츠빌, 앨라배마",771
미합중국,"아이다호 폴즈, 아이다 호",1987
미합중국,"인디애나폴리스, 인디애나",772
미합중국,"잭슨, 미시시피",773
미합중국,"잭슨빌, 플로리다",774
미합중국,"제퍼슨 시티, 미주리",1988
미합중국,"졸리엣, 일리노이",1989
미합중국,"존스보로, 아칸소",1990
미합중국,"주노, 알래스카",775
미합중국,"카일루아, 하와이",1991
미합중국,"캔자스 시티, 캔자스",1992
미합중국,"캔자스시티, 미주리",776
미합중국,"카폴레이, 하와이",1993
미합중국,"카니, 네브라스카",1994
미합중국,"킨, 뉴 햄프셔",1995
미합중국,"케노셔, 위스콘신",1996
미합중국,"케치칸, 알래스카",1997
미합중국,"케이 웨스트, 플로리다",777
미합중국,"녹스빌, 테네시 ",778
미합중국,"라파예트, 루이지애나",1998
미합중국,"라하이나, 하와이",1999
미합중국,"레이크 찰스, 루이지애나",779
미합중국,"랜싱, 미시간",780
미합중국,"라스 크루시스, 뉴 멕시코",2000
미합중국,"라스베이거스, 네바다",781
미합중국,"로턴, 오클라호마",2001
미합중국,"렉싱턴, 켄터키",782
미합중국,"링컨, 네브래스카",783
미합중국,"리틀록, 아칸소",784
미합중국,"로스앤젤레스, 캘리포니아",269
미합중국,"루이빌, 켄터키",785
미합중국,"로웰, 매사추세츠",2002
미합중국,"러벅, 텍사스",786
미합중국,"메이컨, 조지아",787
미합중국,"매디슨, 위스콘신",788
미합중국,"맨체스터, 뉴 햄프셔",2003
미합중국,"맥콤, 미시시피",2004
미합중국,"메드퍼드, 오리건",789
미합중국,"멤피스, 테네시",790
미합중국,"마이애미, 플로리다",267
미합중국,"미들타운, 코네티컷",2005
미합중국,"밀워키, 위스콘신",791
미합중국,"미니애폴리스, 미네소타",276
미합중국,"마이놋, 노스 다코타",2006
미합중국,"미줄러, 몬태나",2007
미합중국,"모빌, 앨라배마",792
미합중국,"몽고메리, 앨라배마",793
미합중국,"몽펠리에, 버몬트",2008
미합중국,"머틀 비치, 사우스 캐롤라이나",2009
미합중국,"남파, 아이다호",2010
미합중국,"나파, 캘리포니아",2011
미합중국,"나폴리, 플로리다",2012
미합중국,"내슈아, 뉴 햄프셔",2013
미합중국,"내슈빌, 테네시",794
미합중국,"뉴 헤이븐, 코네티컷",2014
미합중국,"뉴올리언스, 루이지애나",795
미합중국,뉴욕,278
미합중국,"뉴어크, 델라웨어",2015
미합중국,"뉴어크, 뉴저지",796
미합중국,"뉴포트 뉴스, 버지니아",2016
미합중국,"노퍽, 버지니아",797
미합중국,"노먼, 오클라호마",2017
미합중국,"노스 플래트, 네브래스카",798
미합중국,"오클라호마시티, 오클라호마",799
미합중국,"올레이스, 캔자스",2018
미합중국,"올림피아, 워싱턴",2019
미합중국,"오마하, 네브래스카",800
미합중국,"올랜도, 플로리다",801
미합중국,"오인즈버러, 켄터키",2020
미합중국,"파두카, 켄터키",802
미합중국,"팜 스프링스, 캘리포니아",2021
미합중국,"파커스버그, 웨스트 버지니아",2022
미합중국,"펜들턴, 오리건",803
미합중국,"피오리아 ,일리노이",804
미합중국,"필라델피아, 펜실베이니아",805
미합중국,"피닉스, 애리조나",806
미합중국,"피에르, 사우스 다코타",2023
미합중국,"피츠버그, 펜실베이니아",807
미합중국,"포커텔로, 아이다호",808
미합중국,"포틀랜드, 메인",809
미합중국,"포틀랜드, 오리건",810
미합중국,"프로비덴스, 로드아일랜드",811
미합중국,"프로보, 유타",2024
미합중국,"프에블로, 콜로라도",812
미합중국,"러신, 위스콘신",2025
미합중국,"롤리 & 더럼, 노스캐롤라이나",813
미합중국,"래피드 시, 사우스다코타",814
미합중국,"레딩, 펜실베니아",2026
미합중국,"리노, 네바다",815
미합중국,"리치먼드, 버지니아",816
미합중국,"리오랜초, 뉴 멕시코",2027
미합중국,"로어노크, 버지니아",817
미합중국,"로체스터, 미네소타",2028
미합중국,"로체스터, 뉴 햄프셔",2029
미합중국,"로체스터, 뉴욕",818
미합중국,"록힐, 사우스 캐롤라이나",2030
미합중국,"락 스프링스, 와이오밍",2031
미합중국,"록퍼드, 일리노이",819
미합중국,"로스웰, 뉴 멕시코",2032
미합중국,"러틀랜드, 버몬트",2033
미합중국,"새크라맨토, 캘리포니아",820
미합중국,"세인트 폴, 미네소타",2034
미합중국,"세일럼, 오리건",822
미합중국,"솔트레이크 시, 유타",823
미합중국,"샌엔젤로, 텍사스",824
미합중국,"샌안토니오, 텍사스",825
미합중국,"샌디에고, 캘리포니아",826
미합중국,"샌프란시스코, 캘리포니아",272
미합중국,"새너제이, 캘리포니아",852
미합중국,"산후안, 푸에르토리코",850
미합중국,"산타페, 뉴 멕시코",2035
미합중국,"솔트세인트마리, 미시간",827
미합중국,"서배너, 조지아",828
미합중국,"시애틀, 워싱턴",277
미합중국,"세도나, 애리조나",2036
미합중국,"슈리브포트, 루이지애나",829
미합중국,"수시티, 아이오와",830
미합중국,"수폴스, 사우스다코타",831
미합중국,"싯카, 알래스카",2037
미합중국,"사우스벤드, 인디애나",832
미합중국,"스포캔, 워싱턴",833
미합중국,"스프링필드, 일리노이",834
미합중국,"스프링필드, 미주리",835
미합중국,"세인트 루이스, 미주리",821
미합중국,"세인트피터스버그, 플로리다",2038
미합중국,"스탬포드, 코네티컷",2039
미합중국,"스러큐스, 뉴욕",836
미합중국,"타코마, 워싱턴",2040
미합중국,"탤러해시, 플로리다",837
미합중국,"탬파, 플로리다",853
미합중국,"톨레도, 오하이오",838
미합중국,"토피카, 캔자스",839
미합중국,"트렌튼, 뉴저지",2041
미합중국,"투손, 애리조나",840
미합중국,"털사, 오클라호마",841
미합중국,"터스컬루사, 앨라배마",2042
미합중국,"웨이코, 텍사스",842
미합중국,워싱턴 DC,270
미합중국,"워털루, 아이오와",2043
미합중국,"워터타운, 사우스 다코타",2044
미합중국,"웨스트팜비치, 플로리다",843
미합중국,"위치타 폴즈, 텍사스",844
미합중국,"위치토, 캔자스",851
미합중국,"윌크스배리, 펜실베이니아",845
미합중국,"윈스턴세일럼, 노스 캐롤라이나",2045
미합중국,"우스터, 매사추세츠",2046
미합중국,"야키마, 워싱턴",846
미합중국,"영스타운, 오하이오",847
미합중국,"유마, 애리조나",848
우루과이,몬테비데오,293
우루과이,푼타델에스테,326
우즈베키스탄,누쿠스,118
우즈베키스탄,사마르칸트,116
우즈베키스탄,타슈켄트,115
우즈베키스탄,테르메즈,117
바누아투,라카토로,1469
바누아투,레나켈,1470
바누아투,루간빌,674
바누아투,포트빌라,673
바누아투,사라타마타,1471
바누아투,솔라,1472
베네수엘라,바르셀로나,2053
베네수엘라,바르키시메토,2054
베네수엘라,칼라보소,2055
베네수엘라,카라카스,288
베네수엘라,볼리바르,1202
베네수엘라,코로,1196
베네수엘라,과나레,2056
베네수엘라,귀리아,2057
베네수엘라,라 캐나다,2058
베네수엘라,라 오칠라,2059
베네수엘라,마이케티아,1199
베네수엘라,마라카이보,1197
베네수엘라,마라카이,1198
베네수엘라,마르가리타,1200
베네수엘라,마투린,2060
베네수엘라,메네 그란데,2061
베네수엘라,메리다,1201
베네수엘라,푸에르토 아야쿠초,2062
베네수엘라,샌 안토니오 델 타치라,2063
베네수엘라,산페르난도,1203
베네수엘라,산타 엘레나 데 우아이렌,2064
베네수엘라,템블라도,2065
베네수엘라,투메레모,2066
베네수엘라,바예 델 라 파스쿠아,2067
베트남 사회주의공화국,부온마투옷,3029
베트남 사회주의공화국,까마우,3030
베트남 사회주의공화국,다낭,656
베트남 사회주의공화국,하띤,3025
베트남 사회주의공화국,하이퐁,3024
베트남 사회주의공화국,하노이,308
베트남 사회주의공화국,호찌민 시,309
베트남 사회주의공화국,랑선,3031
베트남 사회주의공화국,라오까이,3026
베트남 사회주의공화국,냐짱,3027
베트남 사회주의공화국,쁠래이꾸,3028
잠비아,치파타,1305
잠비아,초마,2981
잠비아,이소카,2983
잠비아,카브웨,1304
잠비아,가사마,1306
잠비아,리빙스턴,1307
잠비아,루사카,150
잠비아,만사리,1308
잠비아,음 푸웨,2982
잠비아,몽구,1309
잠비아,은돌라,1310
잠비아,솔웨이,1311
짐바브웨,베잇브릿지,963
짐바브웨,불라와요,950
짐바브웨,치팡가,964
짐바브웨,곡웨,955
짐바브웨,궤루,953
짐바브웨,하라레,263
짐바브웨,황게,965
짐바브웨,가도마,952
짐바브웨,카리바,966
짐바브웨,카로이,957
짐바브웨,크웨크웨,951
짐바브웨,마론데라,958
짐바브웨,마스빙고,961
짐바브웨,다윈산,956
짐바브웨,무타레,954
짐바브웨,플럼트리,960
짐바브웨,루세이프,959
짐바브웨,빅토리아폭포,962
